Kategori,Tanggal,Jumlah Terverifikasi
Kejahatan Ekonomi dan Keuangan,2017-08-01,726
Kejahatan Kekerasan dan Ancaman,2017-08-01,17514
Kejahatan Kepemilikan Bersenjata,2017-08-01,356
Kejahatan Narkotika dan Pelanggaran Terkait,2017-08-01,13810
Kejahatan Properti dan Pembobolan,2017-08-01,22774
Kejahatan Seksual dan Kejahatan Terhadap Anak,2017-08-01,2514
Pelanggaran Administratif dan Palsu,2017-08-01,16706
Pelanggaran Imigrasi dan Keamanan Nasional,2017-08-01,292
Kejahatan Ekonomi dan Keuangan,2017-07-01,800
Kejahatan Kekerasan dan Ancaman,2017-07-01,19311
Kejahatan Kepemilikan Bersenjata,2017-07-01,391
Kejahatan Narkotika dan Pelanggaran Terkait,2017-07-01,13571
Kejahatan Properti dan Pembobolan,2017-07-01,23404
Kejahatan Seksual dan Kejahatan Terhadap Anak,2017-07-01,2995
Pelanggaran Administratif dan Palsu,2017-07-01,16820
Pelanggaran Imigrasi dan Keamanan Nasional,2017-07-01,367
Kejahatan Ekonomi dan Keuangan,2017-06-01,889
Kejahatan Kekerasan dan Ancaman,2017-06-01,21077
Kejahatan Kepemilikan Bersenjata,2017-06-01,366
Kejahatan Narkotika dan Pelanggaran Terkait,2017-06-01,14690
Kejahatan Properti dan Pembobolan,2017-06-01,21774
Kejahatan Seksual dan Kejahatan Terhadap Anak,2017-06-01,4465
Pelanggaran Administratif dan Palsu,2017-06-01,17138
Pelanggaran Imigrasi dan Keamanan Nasional,2017-06-01,406
Kejahatan Ekonomi dan Keuangan,2017-05-01,872
Kejahatan Kekerasan dan Ancaman,2017-05-01,18932
Kejahatan Kepemilikan Bersenjata,2017-05-01,423
Kejahatan Narkotika dan Pelanggaran Terkait,2017-05-01,15455
Kejahatan Properti dan Pembobolan,2017-05-01,22406
Kejahatan Seksual dan Kejahatan Terhadap Anak,2017-05-01,4110
Pelanggaran Administratif dan Palsu,2017-05-01,16246
Pelanggaran Imigrasi dan Keamanan Nasional,2017-05-01,385
Kejahatan Ekonomi dan Keuangan,2017-04-01,667
Kejahatan Kekerasan dan Ancaman,2017-04-01,16874
Kejahatan Kepemilikan Bersenjata,2017-04-01,394
Kejahatan Narkotika dan Pelanggaran Terkait,2017-04-01,13846
Kejahatan Properti dan Pembobolan,2017-04-01,21265
Kejahatan Seksual dan Kejahatan Terhadap Anak,2017-04-01,3606
Pelanggaran Administratif dan Palsu,2017-04-01,14751
Pelanggaran Imigrasi dan Keamanan Nasional,2017-04-01,298
Kejahatan Ekonomi dan Keuangan,2017-03-01,724
Kejahatan Kekerasan dan Ancaman,2017-03-01,19271
Kejahatan Kepemilikan Bersenjata,2017-03-01,425
Kejahatan Narkotika dan Pelanggaran Terkait,2017-03-01,17000
Kejahatan Properti dan Pembobolan,2017-03-01,22853
Kejahatan Seksual dan Kejahatan Terhadap Anak,2017-03-01,4866
Pelanggaran Administratif dan Palsu,2017-03-01,18947
Pelanggaran Imigrasi dan Keamanan Nasional,2017-03-01,384
Kejahatan Ekonomi dan Keuangan,2017-02-01,642
Kejahatan Kekerasan dan Ancaman,2017-02-01,16162
Kejahatan Kepemilikan Bersenjata,2017-02-01,393
Kejahatan Narkotika dan Pelanggaran Terkait,2017-02-01,13752
Kejahatan Properti dan Pembobolan,2017-02-01,20645
Kejahatan Seksual dan Kejahatan Terhadap Anak,2017-02-01,3395
Pelanggaran Administratif dan Palsu,2017-02-01,16242
Pelanggaran Imigrasi dan Keamanan Nasional,2017-02-01,377
Kejahatan Ekonomi dan Keuangan,2017-01-01,741
Kejahatan Kekerasan dan Ancaman,2017-01-01,17425
Kejahatan Kepemilikan Bersenjata,2017-01-01,407
Kejahatan Narkotika dan Pelanggaran Terkait,2017-01-01,14827
Kejahatan Properti dan Pembobolan,2017-01-01,21792
Kejahatan Seksual dan Kejahatan Terhadap Anak,2017-01-01,3810
Pelanggaran Administratif dan Palsu,2017-01-01,17809
Pelanggaran Imigrasi dan Keamanan Nasional,2017-01-01,384
Kejahatan Ekonomi dan Keuangan,2016-12-01,568
Kejahatan Kekerasan dan Ancaman,2016-12-01,16623
Kejahatan Kepemilikan Bersenjata,2016-12-01,493
Kejahatan Narkotika dan Pelanggaran Terkait,2016-12-01,13111
Kejahatan Properti dan Pembobolan,2016-12-01,25087
Kejahatan Seksual dan Kejahatan Terhadap Anak,2016-12-01,3448
Pelanggaran Administratif dan Palsu,2016-12-01,17198
Pelanggaran Imigrasi dan Keamanan Nasional,2016-12-01,346
Kejahatan Ekonomi dan Keuangan,2016-11-01,478
Kejahatan Kekerasan dan Ancaman,2016-11-01,17667
Kejahatan Kepemilikan Bersenjata,2016-11-01,467
Kejahatan Narkotika dan Pelanggaran Terkait,2016-11-01,12955
Kejahatan Properti dan Pembobolan,2016-11-01,24841
Kejahatan Seksual dan Kejahatan Terhadap Anak,2016-11-01,3856
Pelanggaran Administratif dan Palsu,2016-11-01,17528
Pelanggaran Imigrasi dan Keamanan Nasional,2016-11-01,399
Kejahatan Ekonomi dan Keuangan,2016-10-01,587
Kejahatan Kekerasan dan Ancaman,2016-10-01,18152
Kejahatan Kepemilikan Bersenjata,2016-10-01,448
Kejahatan Narkotika dan Pelanggaran Terkait,2016-10-01,14389
Kejahatan Properti dan Pembobolan,2016-10-01,23657
Kejahatan Seksual dan Kejahatan Terhadap Anak,2016-10-01,3640
Pelanggaran Administratif dan Palsu,2016-10-01,16769
Pelanggaran Imigrasi dan Keamanan Nasional,2016-10-01,386
Kejahatan Ekonomi dan Keuangan,2016-09-01,753
Kejahatan Kekerasan dan Ancaman,2016-09-01,19542
Kejahatan Kepemilikan Bersenjata,2016-09-01,448
Kejahatan Narkotika dan Pelanggaran Terkait,2016-09-01,15006
Kejahatan Properti dan Pembobolan,2016-09-01,21390
Kejahatan Seksual dan Kejahatan Terhadap Anak,2016-09-01,3755
Pelanggaran Administratif dan Palsu,2016-09-01,17211
Pelanggaran Imigrasi dan Keamanan Nasional,2016-09-01,381
Kejahatan Ekonomi dan Keuangan,2016-08-01,733
Kejahatan Kekerasan dan Ancaman,2016-08-01,17183
Kejahatan Kepemilikan Bersenjata,2016-08-01,408
Kejahatan Narkotika dan Pelanggaran Terkait,2016-08-01,12856
Kejahatan Properti dan Pembobolan,2016-08-01,22312
Kejahatan Seksual dan Kejahatan Terhadap Anak,2016-08-01,2346
Pelanggaran Administratif dan Palsu,2016-08-01,15775
Pelanggaran Imigrasi dan Keamanan Nasional,2016-08-01,356
Kejahatan Ekonomi dan Keuangan,2016-07-01,792
Kejahatan Kekerasan dan Ancaman,2016-07-01,18200
Kejahatan Kepemilikan Bersenjata,2016-07-01,453
Kejahatan Narkotika dan Pelanggaran Terkait,2016-07-01,11867
Kejahatan Properti dan Pembobolan,2016-07-01,22941
Kejahatan Seksual dan Kejahatan Terhadap Anak,2016-07-01,2427
Pelanggaran Administratif dan Palsu,2016-07-01,15130
Pelanggaran Imigrasi dan Keamanan Nasional,2016-07-01,334
Kejahatan Ekonomi dan Keuangan,2016-06-01,926
Kejahatan Kekerasan dan Ancaman,2016-06-01,19481
Kejahatan Kepemilikan Bersenjata,2016-06-01,418
Kejahatan Narkotika dan Pelanggaran Terkait,2016-06-01,14509
Kejahatan Properti dan Pembobolan,2016-06-01,21742
Kejahatan Seksual dan Kejahatan Terhadap Anak,2016-06-01,3848
Pelanggaran Administratif dan Palsu,2016-06-01,16473
Pelanggaran Imigrasi dan Keamanan Nasional,2016-06-01,648
Kejahatan Ekonomi dan Keuangan,2016-05-01,728
Kejahatan Kekerasan dan Ancaman,2016-05-01,18296
Kejahatan Kepemilikan Bersenjata,2016-05-01,453
Kejahatan Narkotika dan Pelanggaran Terkait,2016-05-01,15471
Kejahatan Properti dan Pembobolan,2016-05-01,22634
Kejahatan Seksual dan Kejahatan Terhadap Anak,2016-05-01,3813
Pelanggaran Administratif dan Palsu,2016-05-01,15468
Pelanggaran Imigrasi dan Keamanan Nasional,2016-05-01,630
Kejahatan Ekonomi dan Keuangan,2016-04-01,643
Kejahatan Kekerasan dan Ancaman,2016-04-01,17514
Kejahatan Kepemilikan Bersenjata,2016-04-01,450
Kejahatan Narkotika dan Pelanggaran Terkait,2016-04-01,15555
Kejahatan Properti dan Pembobolan,2016-04-01,21786
Kejahatan Seksual dan Kejahatan Terhadap Anak,2016-04-01,3406
Pelanggaran Administratif dan Palsu,2016-04-01,16142
Pelanggaran Imigrasi dan Keamanan Nasional,2016-04-01,648
Kejahatan Ekonomi dan Keuangan,2016-03-01,684
Kejahatan Kekerasan dan Ancaman,2016-03-01,18160
Kejahatan Kepemilikan Bersenjata,2016-03-01,428
Kejahatan Narkotika dan Pelanggaran Terkait,2016-03-01,17811
Kejahatan Properti dan Pembobolan,2016-03-01,21452
Kejahatan Seksual dan Kejahatan Terhadap Anak,2016-03-01,4047
Pelanggaran Administratif dan Palsu,2016-03-01,17876
Pelanggaran Imigrasi dan Keamanan Nasional,2016-03-01,664
Kejahatan Ekonomi dan Keuangan,2016-02-01,661
Kejahatan Kekerasan dan Ancaman,2016-02-01,16417
Kejahatan Kepemilikan Bersenjata,2016-02-01,424
Kejahatan Narkotika dan Pelanggaran Terkait,2016-02-01,15174
Kejahatan Properti dan Pembobolan,2016-02-01,20838
Kejahatan Seksual dan Kejahatan Terhadap Anak,2016-02-01,3382
Pelanggaran Administratif dan Palsu,2016-02-01,16270
Pelanggaran Imigrasi dan Keamanan Nasional,2016-02-01,669
Kejahatan Ekonomi dan Keuangan,2016-01-01,754
Kejahatan Kekerasan dan Ancaman,2016-01-01,17662
Kejahatan Kepemilikan Bersenjata,2016-01-01,437
Kejahatan Narkotika dan Pelanggaran Terkait,2016-01-01,16591
Kejahatan Properti dan Pembobolan,2016-01-01,21890
Kejahatan Seksual dan Kejahatan Terhadap Anak,2016-01-01,3636
Pelanggaran Administratif dan Palsu,2016-01-01,15827
Pelanggaran Imigrasi dan Keamanan Nasional,2016-01-01,609
Kejahatan Ekonomi dan Keuangan,2015-12-01,724
Kejahatan Kekerasan dan Ancaman,2015-12-01,18222
Kejahatan Kepemilikan Bersenjata,2015-12-01,419
Kejahatan Narkotika dan Pelanggaran Terkait,2015-12-01,14139
Kejahatan Properti dan Pembobolan,2015-12-01,24791
Kejahatan Seksual dan Kejahatan Terhadap Anak,2015-12-01,3636
Pelanggaran Administratif dan Palsu,2015-12-01,16507
Pelanggaran Imigrasi dan Keamanan Nasional,2015-12-01,512
Kejahatan Ekonomi dan Keuangan,2015-11-01,660
Kejahatan Kekerasan dan Ancaman,2015-11-01,17850
Kejahatan Kepemilikan Bersenjata,2015-11-01,449
Kejahatan Narkotika dan Pelanggaran Terkait,2015-11-01,15773
Kejahatan Properti dan Pembobolan,2015-11-01,22839
Kejahatan Seksual dan Kejahatan Terhadap Anak,2015-11-01,3607
Pelanggaran Administratif dan Palsu,2015-11-01,15601
Pelanggaran Imigrasi dan Keamanan Nasional,2015-11-01,684
Kejahatan Ekonomi dan Keuangan,2015-10-01,908
Kejahatan Kekerasan dan Ancaman,2015-10-01,18889
Kejahatan Kepemilikan Bersenjata,2015-10-01,485
Kejahatan Narkotika dan Pelanggaran Terkait,2015-10-01,16204
Kejahatan Properti dan Pembobolan,2015-10-01,24912
Kejahatan Seksual dan Kejahatan Terhadap Anak,2015-10-01,3597
Pelanggaran Administratif dan Palsu,2015-10-01,17147
Pelanggaran Imigrasi dan Keamanan Nasional,2015-10-01,1238
Kejahatan Ekonomi dan Keuangan,2015-09-01,738
Kejahatan Kekerasan dan Ancaman,2015-09-01,18440
Kejahatan Kepemilikan Bersenjata,2015-09-01,438
Kejahatan Narkotika dan Pelanggaran Terkait,2015-09-01,15586
Kejahatan Properti dan Pembobolan,2015-09-01,22486
Kejahatan Seksual dan Kejahatan Terhadap Anak,2015-09-01,3426
Pelanggaran Administratif dan Palsu,2015-09-01,16570
Pelanggaran Imigrasi dan Keamanan Nasional,2015-09-01,1101
Kejahatan Ekonomi dan Keuangan,2015-08-01,841
Kejahatan Kekerasan dan Ancaman,2015-08-01,16785
Kejahatan Kepemilikan Bersenjata,2015-08-01,432
Kejahatan Narkotika dan Pelanggaran Terkait,2015-08-01,12923
Kejahatan Properti dan Pembobolan,2015-08-01,22785
Kejahatan Seksual dan Kejahatan Terhadap Anak,2015-08-01,2518
Pelanggaran Administratif dan Palsu,2015-08-01,14746
Pelanggaran Imigrasi dan Keamanan Nasional,2015-08-01,918
Kejahatan Ekonomi dan Keuangan,2015-07-01,926
Kejahatan Kekerasan dan Ancaman,2015-07-01,18645
Kejahatan Kepemilikan Bersenjata,2015-07-01,387
Kejahatan Narkotika dan Pelanggaran Terkait,2015-07-01,13699
Kejahatan Properti dan Pembobolan,2015-07-01,23058
Kejahatan Seksual dan Kejahatan Terhadap Anak,2015-07-01,2429
Pelanggaran Administratif dan Palsu,2015-07-01,16188
Pelanggaran Imigrasi dan Keamanan Nasional,2015-07-01,892
Kejahatan Ekonomi dan Keuangan,2015-06-01,868
Kejahatan Kekerasan dan Ancaman,2015-06-01,19160
Kejahatan Kepemilikan Bersenjata,2015-06-01,415
Kejahatan Narkotika dan Pelanggaran Terkait,2015-06-01,15251
Kejahatan Properti dan Pembobolan,2015-06-01,22165
Kejahatan Seksual dan Kejahatan Terhadap Anak,2015-06-01,3580
Pelanggaran Administratif dan Palsu,2015-06-01,16373
Pelanggaran Imigrasi dan Keamanan Nasional,2015-06-01,969
Kejahatan Ekonomi dan Keuangan,2015-05-01,891
Kejahatan Kekerasan dan Ancaman,2015-05-01,17039
Kejahatan Kepemilikan Bersenjata,2015-05-01,420
Kejahatan Narkotika dan Pelanggaran Terkait,2015-05-01,14072
Kejahatan Properti dan Pembobolan,2015-05-01,23065
Kejahatan Seksual dan Kejahatan Terhadap Anak,2015-05-01,2925
Pelanggaran Administratif dan Palsu,2015-05-01,14014
Pelanggaran Imigrasi dan Keamanan Nasional,2015-05-01,1058
Kejahatan Ekonomi dan Keuangan,2015-04-01,775
Kejahatan Kekerasan dan Ancaman,2015-04-01,17387
Kejahatan Kepemilikan Bersenjata,2015-04-01,401
Kejahatan Narkotika dan Pelanggaran Terkait,2015-04-01,16016
Kejahatan Properti dan Pembobolan,2015-04-01,21334
Kejahatan Seksual dan Kejahatan Terhadap Anak,2015-04-01,3309
Pelanggaran Administratif dan Palsu,2015-04-01,15215
Pelanggaran Imigrasi dan Keamanan Nasional,2015-04-01,1033
Kejahatan Ekonomi dan Keuangan,2015-03-01,908
Kejahatan Kekerasan dan Ancaman,2015-03-01,17984
Kejahatan Kepemilikan Bersenjata,2015-03-01,430
Kejahatan Narkotika dan Pelanggaran Terkait,2015-03-01,17157
Kejahatan Properti dan Pembobolan,2015-03-01,21744
Kejahatan Seksual dan Kejahatan Terhadap Anak,2015-03-01,3638
Pelanggaran Administratif dan Palsu,2015-03-01,16369
Pelanggaran Imigrasi dan Keamanan Nasional,2015-03-01,1756
Kejahatan Ekonomi dan Keuangan,2015-02-01,628
Kejahatan Kekerasan dan Ancaman,2015-02-01,15156
Kejahatan Kepemilikan Bersenjata,2015-02-01,390
Kejahatan Narkotika dan Pelanggaran Terkait,2015-02-01,14068
Kejahatan Properti dan Pembobolan,2015-02-01,19382
Kejahatan Seksual dan Kejahatan Terhadap Anak,2015-02-01,2812
Pelanggaran Administratif dan Palsu,2015-02-01,14126
Pelanggaran Imigrasi dan Keamanan Nasional,2015-02-01,1279
Kejahatan Ekonomi dan Keuangan,2015-01-01,669
Kejahatan Kekerasan dan Ancaman,2015-01-01,15569
Kejahatan Kepemilikan Bersenjata,2015-01-01,459
Kejahatan Narkotika dan Pelanggaran Terkait,2015-01-01,13542
Kejahatan Properti dan Pembobolan,2015-01-01,20943
Kejahatan Seksual dan Kejahatan Terhadap Anak,2015-01-01,2829
Pelanggaran Administratif dan Palsu,2015-01-01,14115
Pelanggaran Imigrasi dan Keamanan Nasional,2015-01-01,1397
Kejahatan Ekonomi dan Keuangan,2014-12-01,939
Kejahatan Kekerasan dan Ancaman,2014-12-01,16346
Kejahatan Kepemilikan Bersenjata,2014-12-01,473
Kejahatan Narkotika dan Pelanggaran Terkait,2014-12-01,14746
Kejahatan Properti dan Pembobolan,2014-12-01,23941
Kejahatan Seksual dan Kejahatan Terhadap Anak,2014-12-01,3047
Pelanggaran Administratif dan Palsu,2014-12-01,16260
Pelanggaran Imigrasi dan Keamanan Nasional,2014-12-01,1596
Kejahatan Ekonomi dan Keuangan,2014-11-01,780
Kejahatan Kekerasan dan Ancaman,2014-11-01,15800
Kejahatan Kepemilikan Bersenjata,2014-11-01,507
Kejahatan Narkotika dan Pelanggaran Terkait,2014-11-01,14678
Kejahatan Properti dan Pembobolan,2014-11-01,22879
Kejahatan Seksual dan Kejahatan Terhadap Anak,2014-11-01,2811
Pelanggaran Administratif dan Palsu,2014-11-01,14247
Pelanggaran Imigrasi dan Keamanan Nasional,2014-11-01,1535
Kejahatan Ekonomi dan Keuangan,2014-10-01,814
Kejahatan Kekerasan dan Ancaman,2014-10-01,17358
Kejahatan Kepemilikan Bersenjata,2014-10-01,504
Kejahatan Narkotika dan Pelanggaran Terkait,2014-10-01,17120
Kejahatan Properti dan Pembobolan,2014-10-01,23115
Kejahatan Seksual dan Kejahatan Terhadap Anak,2014-10-01,3047
Pelanggaran Administratif dan Palsu,2014-10-01,15891
Pelanggaran Imigrasi dan Keamanan Nasional,2014-10-01,1773
Kejahatan Ekonomi dan Keuangan,2014-09-01,735
Kejahatan Kekerasan dan Ancaman,2014-09-01,16920
Kejahatan Kepemilikan Bersenjata,2014-09-01,513
Kejahatan Narkotika dan Pelanggaran Terkait,2014-09-01,14672
Kejahatan Properti dan Pembobolan,2014-09-01,21331
Kejahatan Seksual dan Kejahatan Terhadap Anak,2014-09-01,2837
Pelanggaran Administratif dan Palsu,2014-09-01,14669
Pelanggaran Imigrasi dan Keamanan Nasional,2014-09-01,1987
Kejahatan Ekonomi dan Keuangan,2014-08-01,925
Kejahatan Kekerasan dan Ancaman,2014-08-01,14368
Kejahatan Kepemilikan Bersenjata,2014-08-01,385
Kejahatan Narkotika dan Pelanggaran Terkait,2014-08-01,12576
Kejahatan Properti dan Pembobolan,2014-08-01,21841
Kejahatan Seksual dan Kejahatan Terhadap Anak,2014-08-01,2304
Pelanggaran Administratif dan Palsu,2014-08-01,13597
Pelanggaran Imigrasi dan Keamanan Nasional,2014-08-01,1464
Kejahatan Ekonomi dan Keuangan,2014-07-01,879
Kejahatan Kekerasan dan Ancaman,2014-07-01,17236
Kejahatan Kepemilikan Bersenjata,2014-07-01,371
Kejahatan Narkotika dan Pelanggaran Terkait,2014-07-01,13003
Kejahatan Properti dan Pembobolan,2014-07-01,22560
Kejahatan Seksual dan Kejahatan Terhadap Anak,2014-07-01,2369
Pelanggaran Administratif dan Palsu,2014-07-01,15097
Pelanggaran Imigrasi dan Keamanan Nasional,2014-07-01,1657
Kejahatan Ekonomi dan Keuangan,2014-06-01,852
Kejahatan Kekerasan dan Ancaman,2014-06-01,16816
Kejahatan Kepemilikan Bersenjata,2014-06-01,477
Kejahatan Narkotika dan Pelanggaran Terkait,2014-06-01,13661
Kejahatan Properti dan Pembobolan,2014-06-01,22565
Kejahatan Seksual dan Kejahatan Terhadap Anak,2014-06-01,2824
Pelanggaran Administratif dan Palsu,2014-06-01,13685
Pelanggaran Imigrasi dan Keamanan Nasional,2014-06-01,1565
Kejahatan Ekonomi dan Keuangan,2014-05-01,849
Kejahatan Kekerasan dan Ancaman,2014-05-01,15986
Kejahatan Kepemilikan Bersenjata,2014-05-01,512
Kejahatan Narkotika dan Pelanggaran Terkait,2014-05-01,14512
Kejahatan Properti dan Pembobolan,2014-05-01,22568
Kejahatan Seksual dan Kejahatan Terhadap Anak,2014-05-01,2715
Pelanggaran Administratif dan Palsu,2014-05-01,13704
Pelanggaran Imigrasi dan Keamanan Nasional,2014-05-01,1779
Kejahatan Ekonomi dan Keuangan,2014-04-01,951
Kejahatan Kekerasan dan Ancaman,2014-04-01,16760
Kejahatan Kepemilikan Bersenjata,2014-04-01,530
Kejahatan Narkotika dan Pelanggaran Terkait,2014-04-01,16081
Kejahatan Properti dan Pembobolan,2014-04-01,21281
Kejahatan Seksual dan Kejahatan Terhadap Anak,2014-04-01,2920
Pelanggaran Administratif dan Palsu,2014-04-01,14339
Pelanggaran Imigrasi dan Keamanan Nasional,2014-04-01,1690
Kejahatan Ekonomi dan Keuangan,2014-03-01,1075
Kejahatan Kekerasan dan Ancaman,2014-03-01,16382
Kejahatan Kepemilikan Bersenjata,2014-03-01,573
Kejahatan Narkotika dan Pelanggaran Terkait,2014-03-01,15201
Kejahatan Properti dan Pembobolan,2014-03-01,20968
Kejahatan Seksual dan Kejahatan Terhadap Anak,2014-03-01,2607
Pelanggaran Administratif dan Palsu,2014-03-01,14092
Pelanggaran Imigrasi dan Keamanan Nasional,2014-03-01,1643
Kejahatan Ekonomi dan Keuangan,2014-02-01,921
Kejahatan Kekerasan dan Ancaman,2014-02-01,15672
Kejahatan Kepemilikan Bersenjata,2014-02-01,600
Kejahatan Narkotika dan Pelanggaran Terkait,2014-02-01,15301
Kejahatan Properti dan Pembobolan,2014-02-01,19492
Kejahatan Seksual dan Kejahatan Terhadap Anak,2014-02-01,2483
Pelanggaran Administratif dan Palsu,2014-02-01,14035
Pelanggaran Imigrasi dan Keamanan Nasional,2014-02-01,1497
Kejahatan Ekonomi dan Keuangan,2014-01-01,1049
Kejahatan Kekerasan dan Ancaman,2014-01-01,16404
Kejahatan Kepemilikan Bersenjata,2014-01-01,711
Kejahatan Narkotika dan Pelanggaran Terkait,2014-01-01,14583
Kejahatan Properti dan Pembobolan,2014-01-01,22699
Kejahatan Seksual dan Kejahatan Terhadap Anak,2014-01-01,2425
Pelanggaran Administratif dan Palsu,2014-01-01,14440
Pelanggaran Imigrasi dan Keamanan Nasional,2014-01-01,1621
Kejahatan Ekonomi dan Keuangan,2013-12-01,1098
Kejahatan Kekerasan dan Ancaman,2013-12-01,16414
Kejahatan Kepemilikan Bersenjata,2013-12-01,693
Kejahatan Narkotika dan Pelanggaran Terkait,2013-12-01,13927
Kejahatan Properti dan Pembobolan,2013-12-01,25262
Kejahatan Seksual dan Kejahatan Terhadap Anak,2013-12-01,2730
Pelanggaran Administratif dan Palsu,2013-12-01,15439
Pelanggaran Imigrasi dan Keamanan Nasional,2013-12-01,1400
Kejahatan Ekonomi dan Keuangan,2013-11-01,744
Kejahatan Kekerasan dan Ancaman,2013-11-01,15838
Kejahatan Kepemilikan Bersenjata,2013-11-01,679
Kejahatan Narkotika dan Pelanggaran Terkait,2013-11-01,13467
Kejahatan Properti dan Pembobolan,2013-11-01,23749
Kejahatan Seksual dan Kejahatan Terhadap Anak,2013-11-01,2216
Pelanggaran Administratif dan Palsu,2013-11-01,15028
Pelanggaran Imigrasi dan Keamanan Nasional,2013-11-01,1404
Kejahatan Ekonomi dan Keuangan,2013-10-01,942
Kejahatan Kekerasan dan Ancaman,2013-10-01,17457
Kejahatan Kepemilikan Bersenjata,2013-10-01,647
Kejahatan Narkotika dan Pelanggaran Terkait,2013-10-01,15800
Kejahatan Properti dan Pembobolan,2013-10-01,23427
Kejahatan Seksual dan Kejahatan Terhadap Anak,2013-10-01,2756
Pelanggaran Administratif dan Palsu,2013-10-01,16292
Pelanggaran Imigrasi dan Keamanan Nasional,2013-10-01,1808
Kejahatan Ekonomi dan Keuangan,2013-09-01,901
Kejahatan Kekerasan dan Ancaman,2013-09-01,16004
Kejahatan Kepemilikan Bersenjata,2013-09-01,590
Kejahatan Narkotika dan Pelanggaran Terkait,2013-09-01,13710
Kejahatan Properti dan Pembobolan,2013-09-01,21009
Kejahatan Seksual dan Kejahatan Terhadap Anak,2013-09-01,2749
Pelanggaran Administratif dan Palsu,2013-09-01,14314
Pelanggaran Imigrasi dan Keamanan Nasional,2013-09-01,1835
Kejahatan Ekonomi dan Keuangan,2013-08-01,1014
Kejahatan Kekerasan dan Ancaman,2013-08-01,15593
Kejahatan Kepemilikan Bersenjata,2013-08-01,463
Kejahatan Narkotika dan Pelanggaran Terkait,2013-08-01,13073
Kejahatan Properti dan Pembobolan,2013-08-01,21693
Kejahatan Seksual dan Kejahatan Terhadap Anak,2013-08-01,2370
Pelanggaran Administratif dan Palsu,2013-08-01,13545
Pelanggaran Imigrasi dan Keamanan Nasional,2013-08-01,1701
Kejahatan Ekonomi dan Keuangan,2013-07-01,1187
Kejahatan Kekerasan dan Ancaman,2013-07-01,17539
Kejahatan Kepemilikan Bersenjata,2013-07-01,515
Kejahatan Narkotika dan Pelanggaran Terkait,2013-07-01,14194
Kejahatan Properti dan Pembobolan,2013-07-01,22141
Kejahatan Seksual dan Kejahatan Terhadap Anak,2013-07-01,2050
Pelanggaran Administratif dan Palsu,2013-07-01,15267
Pelanggaran Imigrasi dan Keamanan Nasional,2013-07-01,1906
Kejahatan Ekonomi dan Keuangan,2013-06-01,853
Kejahatan Kekerasan dan Ancaman,2013-06-01,16234
Kejahatan Kepemilikan Bersenjata,2013-06-01,588
Kejahatan Narkotika dan Pelanggaran Terkait,2013-06-01,14086
Kejahatan Properti dan Pembobolan,2013-06-01,21319
Kejahatan Seksual dan Kejahatan Terhadap Anak,2013-06-01,2264
Pelanggaran Administratif dan Palsu,2013-06-01,14251
Pelanggaran Imigrasi dan Keamanan Nasional,2013-06-01,1837
Kejahatan Ekonomi dan Keuangan,2013-05-01,794
Kejahatan Kekerasan dan Ancaman,2013-05-01,15727
Kejahatan Kepemilikan Bersenjata,2013-05-01,614
Kejahatan Narkotika dan Pelanggaran Terkait,2013-05-01,14239
Kejahatan Properti dan Pembobolan,2013-05-01,21965
Kejahatan Seksual dan Kejahatan Terhadap Anak,2013-05-01,2188
Pelanggaran Administratif dan Palsu,2013-05-01,13436
Pelanggaran Imigrasi dan Keamanan Nasional,2013-05-01,1880
Kejahatan Ekonomi dan Keuangan,2013-04-01,882
Kejahatan Kekerasan dan Ancaman,2013-04-01,15520
Kejahatan Kepemilikan Bersenjata,2013-04-01,620
Kejahatan Narkotika dan Pelanggaran Terkait,2013-04-01,15133
Kejahatan Properti dan Pembobolan,2013-04-01,20777
Kejahatan Seksual dan Kejahatan Terhadap Anak,2013-04-01,2408
Pelanggaran Administratif dan Palsu,2013-04-01,13628
Pelanggaran Imigrasi dan Keamanan Nasional,2013-04-01,2187
Kejahatan Ekonomi dan Keuangan,2013-03-01,671
Kejahatan Kekerasan dan Ancaman,2013-03-01,15564
Kejahatan Kepemilikan Bersenjata,2013-03-01,701
Kejahatan Narkotika dan Pelanggaran Terkait,2013-03-01,14945
Kejahatan Properti dan Pembobolan,2013-03-01,19985
Kejahatan Seksual dan Kejahatan Terhadap Anak,2013-03-01,2375
Pelanggaran Administratif dan Palsu,2013-03-01,13765
Pelanggaran Imigrasi dan Keamanan Nasional,2013-03-01,2583
Kejahatan Ekonomi dan Keuangan,2013-02-01,531
Kejahatan Kekerasan dan Ancaman,2013-02-01,14525
Kejahatan Kepemilikan Bersenjata,2013-02-01,643
Kejahatan Narkotika dan Pelanggaran Terkait,2013-02-01,14278
Kejahatan Properti dan Pembobolan,2013-02-01,19797
Kejahatan Seksual dan Kejahatan Terhadap Anak,2013-02-01,2026
Pelanggaran Administratif dan Palsu,2013-02-01,12885
Pelanggaran Imigrasi dan Keamanan Nasional,2013-02-01,2648
Kejahatan Ekonomi dan Keuangan,2013-01-01,511
Kejahatan Kekerasan dan Ancaman,2013-01-01,15526
Kejahatan Kepemilikan Bersenjata,2013-01-01,702
Kejahatan Narkotika dan Pelanggaran Terkait,2013-01-01,13454
Kejahatan Properti dan Pembobolan,2013-01-01,23283
Kejahatan Seksual dan Kejahatan Terhadap Anak,2013-01-01,2105
Pelanggaran Administratif dan Palsu,2013-01-01,12999
Pelanggaran Imigrasi dan Keamanan Nasional,2013-01-01,3482
Kejahatan Ekonomi dan Keuangan,2012-12-01,581
Kejahatan Kekerasan dan Ancaman,2012-12-01,16040
Kejahatan Kepemilikan Bersenjata,2012-12-01,675
Kejahatan Narkotika dan Pelanggaran Terkait,2012-12-01,13165
Kejahatan Properti dan Pembobolan,2012-12-01,25256
Kejahatan Seksual dan Kejahatan Terhadap Anak,2012-12-01,2670
Pelanggaran Administratif dan Palsu,2012-12-01,13324
Pelanggaran Imigrasi dan Keamanan Nasional,2012-12-01,5599
Kejahatan Ekonomi dan Keuangan,2012-11-01,615
Kejahatan Kekerasan dan Ancaman,2012-11-01,15681
Kejahatan Kepemilikan Bersenjata,2012-11-01,649
Kejahatan Narkotika dan Pelanggaran Terkait,2012-11-01,13810
Kejahatan Properti dan Pembobolan,2012-11-01,23643
Kejahatan Seksual dan Kejahatan Terhadap Anak,2012-11-01,2225
Pelanggaran Administratif dan Palsu,2012-11-01,13490
Pelanggaran Imigrasi dan Keamanan Nasional,2012-11-01,6312
Kejahatan Ekonomi dan Keuangan,2012-10-01,644
Kejahatan Kekerasan dan Ancaman,2012-10-01,17329
Kejahatan Kepemilikan Bersenjata,2012-10-01,651
Kejahatan Narkotika dan Pelanggaran Terkait,2012-10-01,16143
Kejahatan Properti dan Pembobolan,2012-10-01,21982
Kejahatan Seksual dan Kejahatan Terhadap Anak,2012-10-01,2588
Pelanggaran Administratif dan Palsu,2012-10-01,14380
Pelanggaran Imigrasi dan Keamanan Nasional,2012-10-01,7670
Kejahatan Ekonomi dan Keuangan,2012-09-01,548
Kejahatan Kekerasan dan Ancaman,2012-09-01,15422
Kejahatan Kepemilikan Bersenjata,2012-09-01,529
Kejahatan Narkotika dan Pelanggaran Terkait,2012-09-01,13169
Kejahatan Properti dan Pembobolan,2012-09-01,19824
Kejahatan Seksual dan Kejahatan Terhadap Anak,2012-09-01,2353
Pelanggaran Administratif dan Palsu,2012-09-01,12065
Pelanggaran Imigrasi dan Keamanan Nasional,2012-09-01,6874
Kejahatan Ekonomi dan Keuangan,2012-08-01,538
Kejahatan Kekerasan dan Ancaman,2012-08-01,15554
Kejahatan Kepemilikan Bersenjata,2012-08-01,475
Kejahatan Narkotika dan Pelanggaran Terkait,2012-08-01,11785
Kejahatan Properti dan Pembobolan,2012-08-01,20630
Kejahatan Seksual dan Kejahatan Terhadap Anak,2012-08-01,1975
Pelanggaran Administratif dan Palsu,2012-08-01,12307
Pelanggaran Imigrasi dan Keamanan Nasional,2012-08-01,7395
Kejahatan Ekonomi dan Keuangan,2012-07-01,600
Kejahatan Kekerasan dan Ancaman,2012-07-01,16233
Kejahatan Kepemilikan Bersenjata,2012-07-01,479
Kejahatan Narkotika dan Pelanggaran Terkait,2012-07-01,12824
Kejahatan Properti dan Pembobolan,2012-07-01,21878
Kejahatan Seksual dan Kejahatan Terhadap Anak,2012-07-01,2282
Pelanggaran Administratif dan Palsu,2012-07-01,13587
Pelanggaran Imigrasi dan Keamanan Nasional,2012-07-01,6920
Kejahatan Ekonomi dan Keuangan,2012-06-01,546
Kejahatan Kekerasan dan Ancaman,2012-06-01,17118
Kejahatan Kepemilikan Bersenjata,2012-06-01,533
Kejahatan Narkotika dan Pelanggaran Terkait,2012-06-01,13074
Kejahatan Properti dan Pembobolan,2012-06-01,21822
Kejahatan Seksual dan Kejahatan Terhadap Anak,2012-06-01,2292
Pelanggaran Administratif dan Palsu,2012-06-01,12784
Pelanggaran Imigrasi dan Keamanan Nasional,2012-06-01,8005
Kejahatan Ekonomi dan Keuangan,2012-05-01,471
Kejahatan Kekerasan dan Ancaman,2012-05-01,16187
Kejahatan Kepemilikan Bersenjata,2012-05-01,587
Kejahatan Narkotika dan Pelanggaran Terkait,2012-05-01,12514
Kejahatan Properti dan Pembobolan,2012-05-01,21859
Kejahatan Seksual dan Kejahatan Terhadap Anak,2012-05-01,2178
Pelanggaran Administratif dan Palsu,2012-05-01,12080
Pelanggaran Imigrasi dan Keamanan Nasional,2012-05-01,9439
Kejahatan Ekonomi dan Keuangan,2012-04-01,492
Kejahatan Kekerasan dan Ancaman,2012-04-01,15694
Kejahatan Kepemilikan Bersenjata,2012-04-01,564
Kejahatan Narkotika dan Pelanggaran Terkait,2012-04-01,13850
Kejahatan Properti dan Pembobolan,2012-04-01,19669
Kejahatan Seksual dan Kejahatan Terhadap Anak,2012-04-01,2405
Pelanggaran Administratif dan Palsu,2012-04-01,12513
Pelanggaran Imigrasi dan Keamanan Nasional,2012-04-01,9506
Kejahatan Ekonomi dan Keuangan,2012-03-01,512
Kejahatan Kekerasan dan Ancaman,2012-03-01,15952
Kejahatan Kepemilikan Bersenjata,2012-03-01,619
Kejahatan Narkotika dan Pelanggaran Terkait,2012-03-01,14759
Kejahatan Properti dan Pembobolan,2012-03-01,19897
Kejahatan Seksual dan Kejahatan Terhadap Anak,2012-03-01,2179
Pelanggaran Administratif dan Palsu,2012-03-01,13238
Pelanggaran Imigrasi dan Keamanan Nasional,2012-03-01,11243
Kejahatan Ekonomi dan Keuangan,2012-02-01,518
Kejahatan Kekerasan dan Ancaman,2012-02-01,14571
Kejahatan Kepemilikan Bersenjata,2012-02-01,607
Kejahatan Narkotika dan Pelanggaran Terkait,2012-02-01,13534
Kejahatan Properti dan Pembobolan,2012-02-01,17803
Kejahatan Seksual dan Kejahatan Terhadap Anak,2012-02-01,2300
Pelanggaran Administratif dan Palsu,2012-02-01,13027
Pelanggaran Imigrasi dan Keamanan Nasional,2012-02-01,9386
Kejahatan Ekonomi dan Keuangan,2012-01-01,511
Kejahatan Kekerasan dan Ancaman,2012-01-01,15237
Kejahatan Kepemilikan Bersenjata,2012-01-01,684
Kejahatan Narkotika dan Pelanggaran Terkait,2012-01-01,12661
Kejahatan Properti dan Pembobolan,2012-01-01,20236
Kejahatan Seksual dan Kejahatan Terhadap Anak,2012-01-01,2235
Pelanggaran Administratif dan Palsu,2012-01-01,12137
Pelanggaran Imigrasi dan Keamanan Nasional,2012-01-01,9430
Kejahatan Ekonomi dan Keuangan,2011-12-01,666
Kejahatan Kekerasan dan Ancaman,2011-12-01,14880
Kejahatan Kepemilikan Bersenjata,2011-12-01,750
Kejahatan Narkotika dan Pelanggaran Terkait,2011-12-01,12355
Kejahatan Properti dan Pembobolan,2011-12-01,21677
Kejahatan Seksual dan Kejahatan Terhadap Anak,2011-12-01,2718
Pelanggaran Administratif dan Palsu,2011-12-01,13625
Pelanggaran Imigrasi dan Keamanan Nasional,2011-12-01,7658
Kejahatan Ekonomi dan Keuangan,2011-11-01,691
Kejahatan Kekerasan dan Ancaman,2011-11-01,15213
Kejahatan Kepemilikan Bersenjata,2011-11-01,634
Kejahatan Narkotika dan Pelanggaran Terkait,2011-11-01,12832
Kejahatan Properti dan Pembobolan,2011-11-01,21626
Kejahatan Seksual dan Kejahatan Terhadap Anak,2011-11-01,2195
Pelanggaran Administratif dan Palsu,2011-11-01,11923
Pelanggaran Imigrasi dan Keamanan Nasional,2011-11-01,8717
Kejahatan Ekonomi dan Keuangan,2011-10-01,729
Kejahatan Kekerasan dan Ancaman,2011-10-01,16464
Kejahatan Kepemilikan Bersenjata,2011-10-01,609
Kejahatan Narkotika dan Pelanggaran Terkait,2011-10-01,14984
Kejahatan Properti dan Pembobolan,2011-10-01,20810
Kejahatan Seksual dan Kejahatan Terhadap Anak,2011-10-01,2420
Pelanggaran Administratif dan Palsu,2011-10-01,12058
Pelanggaran Imigrasi dan Keamanan Nasional,2011-10-01,9593
Kejahatan Ekonomi dan Keuangan,2011-09-01,634
Kejahatan Kekerasan dan Ancaman,2011-09-01,15988
Kejahatan Kepemilikan Bersenjata,2011-09-01,600
Kejahatan Narkotika dan Pelanggaran Terkait,2011-09-01,13166
Kejahatan Properti dan Pembobolan,2011-09-01,20579
Kejahatan Seksual dan Kejahatan Terhadap Anak,2011-09-01,2480
Pelanggaran Administratif dan Palsu,2011-09-01,12054
Pelanggaran Imigrasi dan Keamanan Nasional,2011-09-01,9860
Kejahatan Ekonomi dan Keuangan,2011-08-01,432
Kejahatan Kekerasan dan Ancaman,2011-08-01,14647
Kejahatan Kepemilikan Bersenjata,2011-08-01,497
Kejahatan Narkotika dan Pelanggaran Terkait,2011-08-01,11900
Kejahatan Properti dan Pembobolan,2011-08-01,21928
Kejahatan Seksual dan Kejahatan Terhadap Anak,2011-08-01,2291
Pelanggaran Administratif dan Palsu,2011-08-01,13845
Pelanggaran Imigrasi dan Keamanan Nasional,2011-08-01,8915
Kejahatan Ekonomi dan Keuangan,2011-07-01,422
Kejahatan Kekerasan dan Ancaman,2011-07-01,14795
Kejahatan Kepemilikan Bersenjata,2011-07-01,494
Kejahatan Narkotika dan Pelanggaran Terkait,2011-07-01,12076
Kejahatan Properti dan Pembobolan,2011-07-01,22427
Kejahatan Seksual dan Kejahatan Terhadap Anak,2011-07-01,1725
Pelanggaran Administratif dan Palsu,2011-07-01,17457
Pelanggaran Imigrasi dan Keamanan Nasional,2011-07-01,7646
Kejahatan Ekonomi dan Keuangan,2011-06-01,360
Kejahatan Kekerasan dan Ancaman,2011-06-01,16782
Kejahatan Kepemilikan Bersenjata,2011-06-01,603
Kejahatan Narkotika dan Pelanggaran Terkait,2011-06-01,12329
Kejahatan Properti dan Pembobolan,2011-06-01,22126
Kejahatan Seksual dan Kejahatan Terhadap Anak,2011-06-01,2169
Pelanggaran Administratif dan Palsu,2011-06-01,17570
Pelanggaran Imigrasi dan Keamanan Nasional,2011-06-01,9535
Kejahatan Ekonomi dan Keuangan,2011-05-01,421
Kejahatan Kekerasan dan Ancaman,2011-05-01,17171
Kejahatan Kepemilikan Bersenjata,2011-05-01,612
Kejahatan Narkotika dan Pelanggaran Terkait,2011-05-01,13081
Kejahatan Properti dan Pembobolan,2011-05-01,21340
Kejahatan Seksual dan Kejahatan Terhadap Anak,2011-05-01,2314
Pelanggaran Administratif dan Palsu,2011-05-01,18374
Pelanggaran Imigrasi dan Keamanan Nasional,2011-05-01,11045
Kejahatan Ekonomi dan Keuangan,2011-04-01,502
Kejahatan Kekerasan dan Ancaman,2011-04-01,16342
Kejahatan Kepemilikan Bersenjata,2011-04-01,595
Kejahatan Narkotika dan Pelanggaran Terkait,2011-04-01,13240
Kejahatan Properti dan Pembobolan,2011-04-01,19949
Kejahatan Seksual dan Kejahatan Terhadap Anak,2011-04-01,2173
Pelanggaran Administratif dan Palsu,2011-04-01,18886
Pelanggaran Imigrasi dan Keamanan Nasional,2011-04-01,11340
Kejahatan Ekonomi dan Keuangan,2011-03-01,230
Kejahatan Kekerasan dan Ancaman,2011-03-01,16940
Kejahatan Kepemilikan Bersenjata,2011-03-01,716
Kejahatan Narkotika dan Pelanggaran Terkait,2011-03-01,14739
Kejahatan Properti dan Pembobolan,2011-03-01,20665
Kejahatan Seksual dan Kejahatan Terhadap Anak,2011-03-01,2279
Pelanggaran Administratif dan Palsu,2011-03-01,18933
Pelanggaran Imigrasi dan Keamanan Nasional,2011-03-01,14089
Kejahatan Ekonomi dan Keuangan,2011-02-01,269
Kejahatan Kekerasan dan Ancaman,2011-02-01,14980
Kejahatan Kepemilikan Bersenjata,2011-02-01,642
Kejahatan Narkotika dan Pelanggaran Terkait,2011-02-01,12801
Kejahatan Properti dan Pembobolan,2011-02-01,18358
Kejahatan Seksual dan Kejahatan Terhadap Anak,2011-02-01,2100
Pelanggaran Administratif dan Palsu,2011-02-01,17285
Pelanggaran Imigrasi dan Keamanan Nasional,2011-02-01,10636
Kejahatan Ekonomi dan Keuangan,2011-01-01,240
Kejahatan Kekerasan dan Ancaman,2011-01-01,15175
Kejahatan Kepemilikan Bersenjata,2011-01-01,729
Kejahatan Narkotika dan Pelanggaran Terkait,2011-01-01,11668
Kejahatan Properti dan Pembobolan,2011-01-01,19274
Kejahatan Seksual dan Kejahatan Terhadap Anak,2011-01-01,2211
Pelanggaran Administratif dan Palsu,2011-01-01,16997
Pelanggaran Imigrasi dan Keamanan Nasional,2011-01-01,9227
Kejahatan Ekonomi dan Keuangan,2010-12-01,270
Kejahatan Kekerasan dan Ancaman,2010-12-01,15668
Kejahatan Kepemilikan Bersenjata,2010-12-01,726
Kejahatan Narkotika dan Pelanggaran Terkait,2010-12-01,12022
Kejahatan Properti dan Pembobolan,2010-12-01,21415
Kejahatan Seksual dan Kejahatan Terhadap Anak,2010-12-01,2695
Pelanggaran Administratif dan Palsu,2010-12-01,18570
Pelanggaran Imigrasi dan Keamanan Nasional,2010-12-01,7773
Kejahatan Ekonomi dan Keuangan,2010-11-01,235
Kejahatan Kekerasan dan Ancaman,2010-11-01,15515
Kejahatan Kepemilikan Bersenjata,2010-11-01,689
Kejahatan Narkotika dan Pelanggaran Terkait,2010-11-01,11837
Kejahatan Properti dan Pembobolan,2010-11-01,23700
Kejahatan Seksual dan Kejahatan Terhadap Anak,2010-11-01,2165
Pelanggaran Administratif dan Palsu,2010-11-01,16416
Pelanggaran Imigrasi dan Keamanan Nasional,2010-11-01,8665
Kejahatan Ekonomi dan Keuangan,2010-10-01,266
Kejahatan Kekerasan dan Ancaman,2010-10-01,16217
Kejahatan Kepemilikan Bersenjata,2010-10-01,631
Kejahatan Narkotika dan Pelanggaran Terkait,2010-10-01,13170
Kejahatan Properti dan Pembobolan,2010-10-01,21507
Kejahatan Seksual dan Kejahatan Terhadap Anak,2010-10-01,2426
Pelanggaran Administratif dan Palsu,2010-10-01,16934
Pelanggaran Imigrasi dan Keamanan Nasional,2010-10-01,9264
Kejahatan Ekonomi dan Keuangan,2010-09-01,270
Kejahatan Kekerasan dan Ancaman,2010-09-01,15839
Kejahatan Kepemilikan Bersenjata,2010-09-01,634
Kejahatan Narkotika dan Pelanggaran Terkait,2010-09-01,12703
Kejahatan Properti dan Pembobolan,2010-09-01,22332
Kejahatan Seksual dan Kejahatan Terhadap Anak,2010-09-01,2466
Pelanggaran Administratif dan Palsu,2010-09-01,16953
Pelanggaran Imigrasi dan Keamanan Nasional,2010-09-01,10080
Kejahatan Ekonomi dan Keuangan,2010-08-01,217
Kejahatan Kekerasan dan Ancaman,2010-08-01,14107
Kejahatan Kepemilikan Bersenjata,2010-08-01,483
Kejahatan Narkotika dan Pelanggaran Terkait,2010-08-01,11296
Kejahatan Properti dan Pembobolan,2010-08-01,22317
Kejahatan Seksual dan Kejahatan Terhadap Anak,2010-08-01,2179
Pelanggaran Administratif dan Palsu,2010-08-01,15950
Pelanggaran Imigrasi dan Keamanan Nasional,2010-08-01,8811
Kejahatan Ekonomi dan Keuangan,2010-07-01,262
Kejahatan Kekerasan dan Ancaman,2010-07-01,16212
Kejahatan Kepemilikan Bersenjata,2010-07-01,553
Kejahatan Narkotika dan Pelanggaran Terkait,2010-07-01,10912
Kejahatan Properti dan Pembobolan,2010-07-01,22954
Kejahatan Seksual dan Kejahatan Terhadap Anak,2010-07-01,2061
Pelanggaran Administratif dan Palsu,2010-07-01,16466
Pelanggaran Imigrasi dan Keamanan Nasional,2010-07-01,8856
Kejahatan Ekonomi dan Keuangan,2010-06-01,242
Kejahatan Kekerasan dan Ancaman,2010-06-01,17653
Kejahatan Kepemilikan Bersenjata,2010-06-01,713
Kejahatan Narkotika dan Pelanggaran Terkait,2010-06-01,12622
Kejahatan Properti dan Pembobolan,2010-06-01,23563
Kejahatan Seksual dan Kejahatan Terhadap Anak,2010-06-01,2064
Pelanggaran Administratif dan Palsu,2010-06-01,17324
Pelanggaran Imigrasi dan Keamanan Nasional,2010-06-01,9743
Kejahatan Ekonomi dan Keuangan,2010-05-01,261
Kejahatan Kekerasan dan Ancaman,2010-05-01,15820
Kejahatan Kepemilikan Bersenjata,2010-05-01,656
Kejahatan Narkotika dan Pelanggaran Terkait,2010-05-01,11506
Kejahatan Properti dan Pembobolan,2010-05-01,23189
Kejahatan Seksual dan Kejahatan Terhadap Anak,2010-05-01,2127
Pelanggaran Administratif dan Palsu,2010-05-01,14692
Pelanggaran Imigrasi dan Keamanan Nasional,2010-05-01,8805
Kejahatan Ekonomi dan Keuangan,2010-04-01,236
Kejahatan Kekerasan dan Ancaman,2010-04-01,15814
Kejahatan Kepemilikan Bersenjata,2010-04-01,708
Kejahatan Narkotika dan Pelanggaran Terkait,2010-04-01,12256
Kejahatan Properti dan Pembobolan,2010-04-01,22135
Kejahatan Seksual dan Kejahatan Terhadap Anak,2010-04-01,2230
Pelanggaran Administratif dan Palsu,2010-04-01,15240
Pelanggaran Imigrasi dan Keamanan Nasional,2010-04-01,9386
Kejahatan Ekonomi dan Keuangan,2010-03-01,295
Kejahatan Kekerasan dan Ancaman,2010-03-01,17212
Kejahatan Kepemilikan Bersenjata,2010-03-01,813
Kejahatan Narkotika dan Pelanggaran Terkait,2010-03-01,12808
Kejahatan Properti dan Pembobolan,2010-03-01,22035
Kejahatan Seksual dan Kejahatan Terhadap Anak,2010-03-01,2150
Pelanggaran Administratif dan Palsu,2010-03-01,16145
Pelanggaran Imigrasi dan Keamanan Nasional,2010-03-01,11203
Kejahatan Ekonomi dan Keuangan,2010-02-01,253
Kejahatan Kekerasan dan Ancaman,2010-02-01,14576
Kejahatan Kepemilikan Bersenjata,2010-02-01,719
Kejahatan Narkotika dan Pelanggaran Terkait,2010-02-01,11481
Kejahatan Properti dan Pembobolan,2010-02-01,19730
Kejahatan Seksual dan Kejahatan Terhadap Anak,2010-02-01,2257
Pelanggaran Administratif dan Palsu,2010-02-01,14187
Pelanggaran Imigrasi dan Keamanan Nasional,2010-02-01,9577
Kejahatan Ekonomi dan Keuangan,2010-01-01,238
Kejahatan Kekerasan dan Ancaman,2010-01-01,14739
Kejahatan Kepemilikan Bersenjata,2010-01-01,695
Kejahatan Narkotika dan Pelanggaran Terkait,2010-01-01,10594
Kejahatan Properti dan Pembobolan,2010-01-01,20598
Kejahatan Seksual dan Kejahatan Terhadap Anak,2010-01-01,1984
Pelanggaran Administratif dan Palsu,2010-01-01,14011
Pelanggaran Imigrasi dan Keamanan Nasional,2010-01-01,8200
Kejahatan Ekonomi dan Keuangan,2009-12-01,327
Kejahatan Kekerasan dan Ancaman,2009-12-01,15213
Kejahatan Kepemilikan Bersenjata,2009-12-01,682
Kejahatan Narkotika dan Pelanggaran Terkait,2009-12-01,10703
Kejahatan Properti dan Pembobolan,2009-12-01,22832
Kejahatan Seksual dan Kejahatan Terhadap Anak,2009-12-01,2322
Pelanggaran Administratif dan Palsu,2009-12-01,15368
Pelanggaran Imigrasi dan Keamanan Nasional,2009-12-01,7529
Kejahatan Ekonomi dan Keuangan,2009-11-01,267
Kejahatan Kekerasan dan Ancaman,2009-11-01,15020
Kejahatan Kepemilikan Bersenjata,2009-11-01,634
Kejahatan Narkotika dan Pelanggaran Terkait,2009-11-01,10898
Kejahatan Properti dan Pembobolan,2009-11-01,22956
Kejahatan Seksual dan Kejahatan Terhadap Anak,2009-11-01,2177
Pelanggaran Administratif dan Palsu,2009-11-01,15046
Pelanggaran Imigrasi dan Keamanan Nasional,2009-11-01,8864
Kejahatan Ekonomi dan Keuangan,2009-10-01,261
Kejahatan Kekerasan dan Ancaman,2009-10-01,16468
Kejahatan Kepemilikan Bersenjata,2009-10-01,646
Kejahatan Narkotika dan Pelanggaran Terkait,2009-10-01,13703
Kejahatan Properti dan Pembobolan,2009-10-01,22555
Kejahatan Seksual dan Kejahatan Terhadap Anak,2009-10-01,2137
Pelanggaran Administratif dan Palsu,2009-10-01,17076
Pelanggaran Imigrasi dan Keamanan Nasional,2009-10-01,9345
Kejahatan Ekonomi dan Keuangan,2009-09-01,315
Kejahatan Kekerasan dan Ancaman,2009-09-01,15388
Kejahatan Kepemilikan Bersenjata,2009-09-01,548
Kejahatan Narkotika dan Pelanggaran Terkait,2009-09-01,12036
Kejahatan Properti dan Pembobolan,2009-09-01,22049
Kejahatan Seksual dan Kejahatan Terhadap Anak,2009-09-01,2548
Pelanggaran Administratif dan Palsu,2009-09-01,17675
Pelanggaran Imigrasi dan Keamanan Nasional,2009-09-01,10259
Kejahatan Ekonomi dan Keuangan,2009-08-01,307
Kejahatan Kekerasan dan Ancaman,2009-08-01,14328
Kejahatan Kepemilikan Bersenjata,2009-08-01,464
Kejahatan Narkotika dan Pelanggaran Terkait,2009-08-01,10686
Kejahatan Properti dan Pembobolan,2009-08-01,23449
Kejahatan Seksual dan Kejahatan Terhadap Anak,2009-08-01,2283
Pelanggaran Administratif dan Palsu,2009-08-01,18150
Pelanggaran Imigrasi dan Keamanan Nasional,2009-08-01,8890
Kejahatan Ekonomi dan Keuangan,2009-07-01,263
Kejahatan Kekerasan dan Ancaman,2009-07-01,16982
Kejahatan Kepemilikan Bersenjata,2009-07-01,628
Kejahatan Narkotika dan Pelanggaran Terkait,2009-07-01,11894
Kejahatan Properti dan Pembobolan,2009-07-01,26081
Kejahatan Seksual dan Kejahatan Terhadap Anak,2009-07-01,1736
Pelanggaran Administratif dan Palsu,2009-07-01,18760
Pelanggaran Imigrasi dan Keamanan Nasional,2009-07-01,9848
Kejahatan Ekonomi dan Keuangan,2009-06-01,293
Kejahatan Kekerasan dan Ancaman,2009-06-01,17622
Kejahatan Kepemilikan Bersenjata,2009-06-01,695
Kejahatan Narkotika dan Pelanggaran Terkait,2009-06-01,11286
Kejahatan Properti dan Pembobolan,2009-06-01,25293
Kejahatan Seksual dan Kejahatan Terhadap Anak,2009-06-01,2194
Pelanggaran Administratif dan Palsu,2009-06-01,17619
Pelanggaran Imigrasi dan Keamanan Nasional,2009-06-01,9203
Kejahatan Ekonomi dan Keuangan,2009-05-01,241
Kejahatan Kekerasan dan Ancaman,2009-05-01,16006
Kejahatan Kepemilikan Bersenjata,2009-05-01,581
Kejahatan Narkotika dan Pelanggaran Terkait,2009-05-01,11871
Kejahatan Properti dan Pembobolan,2009-05-01,24944
Kejahatan Seksual dan Kejahatan Terhadap Anak,2009-05-01,1974
Pelanggaran Administratif dan Palsu,2009-05-01,15905
Pelanggaran Imigrasi dan Keamanan Nasional,2009-05-01,9483
Kejahatan Ekonomi dan Keuangan,2009-04-01,258
Kejahatan Kekerasan dan Ancaman,2009-04-01,15912
Kejahatan Kepemilikan Bersenjata,2009-04-01,688
Kejahatan Narkotika dan Pelanggaran Terkait,2009-04-01,12491
Kejahatan Properti dan Pembobolan,2009-04-01,22882
Kejahatan Seksual dan Kejahatan Terhadap Anak,2009-04-01,2305
Pelanggaran Administratif dan Palsu,2009-04-01,16821
Pelanggaran Imigrasi dan Keamanan Nasional,2009-04-01,10348
Kejahatan Ekonomi dan Keuangan,2009-03-01,286
Kejahatan Kekerasan dan Ancaman,2009-03-01,16646
Kejahatan Kepemilikan Bersenjata,2009-03-01,760
Kejahatan Narkotika dan Pelanggaran Terkait,2009-03-01,13204
Kejahatan Properti dan Pembobolan,2009-03-01,22690
Kejahatan Seksual dan Kejahatan Terhadap Anak,2009-03-01,2229
Pelanggaran Administratif dan Palsu,2009-03-01,17946
Pelanggaran Imigrasi dan Keamanan Nasional,2009-03-01,10365
Kejahatan Ekonomi dan Keuangan,2009-02-01,270
Kejahatan Kekerasan dan Ancaman,2009-02-01,14487
Kejahatan Kepemilikan Bersenjata,2009-02-01,739
Kejahatan Narkotika dan Pelanggaran Terkait,2009-02-01,11487
Kejahatan Properti dan Pembobolan,2009-02-01,20727
Kejahatan Seksual dan Kejahatan Terhadap Anak,2009-02-01,2096
Pelanggaran Administratif dan Palsu,2009-02-01,16939
Pelanggaran Imigrasi dan Keamanan Nasional,2009-02-01,10007
Kejahatan Ekonomi dan Keuangan,2009-01-01,253
Kejahatan Kekerasan dan Ancaman,2009-01-01,14953
Kejahatan Kepemilikan Bersenjata,2009-01-01,733
Kejahatan Narkotika dan Pelanggaran Terkait,2009-01-01,10900
Kejahatan Properti dan Pembobolan,2009-01-01,20868
Kejahatan Seksual dan Kejahatan Terhadap Anak,2009-01-01,1890
Pelanggaran Administratif dan Palsu,2009-01-01,16265
Pelanggaran Imigrasi dan Keamanan Nasional,2009-01-01,8710
Kejahatan Ekonomi dan Keuangan,2008-12-01,277
Kejahatan Kekerasan dan Ancaman,2008-12-01,15485
Kejahatan Kepemilikan Bersenjata,2008-12-01,758
Kejahatan Narkotika dan Pelanggaran Terkait,2008-12-01,11329
Kejahatan Properti dan Pembobolan,2008-12-01,23411
Kejahatan Seksual dan Kejahatan Terhadap Anak,2008-12-01,2529
Pelanggaran Administratif dan Palsu,2008-12-01,18544
Pelanggaran Imigrasi dan Keamanan Nasional,2008-12-01,7728
Kejahatan Ekonomi dan Keuangan,2008-11-01,218
Kejahatan Kekerasan dan Ancaman,2008-11-01,14562
Kejahatan Kepemilikan Bersenjata,2008-11-01,648
Kejahatan Narkotika dan Pelanggaran Terkait,2008-11-01,11019
Kejahatan Properti dan Pembobolan,2008-11-01,23548
Kejahatan Seksual dan Kejahatan Terhadap Anak,2008-11-01,2016
Pelanggaran Administratif dan Palsu,2008-11-01,17028
Pelanggaran Imigrasi dan Keamanan Nasional,2008-11-01,8166
Kejahatan Ekonomi dan Keuangan,2008-10-01,271
Kejahatan Kekerasan dan Ancaman,2008-10-01,16597
Kejahatan Kepemilikan Bersenjata,2008-10-01,656
Kejahatan Narkotika dan Pelanggaran Terkait,2008-10-01,13370
Kejahatan Properti dan Pembobolan,2008-10-01,23632
Kejahatan Seksual dan Kejahatan Terhadap Anak,2008-10-01,2308
Pelanggaran Administratif dan Palsu,2008-10-01,19014
Pelanggaran Imigrasi dan Keamanan Nasional,2008-10-01,10108
Kejahatan Ekonomi dan Keuangan,2008-09-01,285
Kejahatan Kekerasan dan Ancaman,2008-09-01,15437
Kejahatan Kepemilikan Bersenjata,2008-09-01,608
Kejahatan Narkotika dan Pelanggaran Terkait,2008-09-01,11259
Kejahatan Properti dan Pembobolan,2008-09-01,21067
Kejahatan Seksual dan Kejahatan Terhadap Anak,2008-09-01,2349
Pelanggaran Administratif dan Palsu,2008-09-01,17708
Pelanggaran Imigrasi dan Keamanan Nasional,2008-09-01,9952
Kejahatan Ekonomi dan Keuangan,2008-08-01,214
Kejahatan Kekerasan dan Ancaman,2008-08-01,13535
Kejahatan Kepemilikan Bersenjata,2008-08-01,469
Kejahatan Narkotika dan Pelanggaran Terkait,2008-08-01,10923
Kejahatan Properti dan Pembobolan,2008-08-01,22017
Kejahatan Seksual dan Kejahatan Terhadap Anak,2008-08-01,2071
Pelanggaran Administratif dan Palsu,2008-08-01,17337
Pelanggaran Imigrasi dan Keamanan Nasional,2008-08-01,8564
Kejahatan Ekonomi dan Keuangan,2008-07-01,263
Kejahatan Kekerasan dan Ancaman,2008-07-01,15782
Kejahatan Kepemilikan Bersenjata,2008-07-01,533
Kejahatan Narkotika dan Pelanggaran Terkait,2008-07-01,11678
Kejahatan Properti dan Pembobolan,2008-07-01,24903
Kejahatan Seksual dan Kejahatan Terhadap Anak,2008-07-01,2134
Pelanggaran Administratif dan Palsu,2008-07-01,17864
Pelanggaran Imigrasi dan Keamanan Nasional,2008-07-01,8880
Kejahatan Ekonomi dan Keuangan,2008-06-01,279
Kejahatan Kekerasan dan Ancaman,2008-06-01,16741
Kejahatan Kepemilikan Bersenjata,2008-06-01,630
Kejahatan Narkotika dan Pelanggaran Terkait,2008-06-01,12110
Kejahatan Properti dan Pembobolan,2008-06-01,24149
Kejahatan Seksual dan Kejahatan Terhadap Anak,2008-06-01,2110
Pelanggaran Administratif dan Palsu,2008-06-01,16841
Pelanggaran Imigrasi dan Keamanan Nasional,2008-06-01,9369
Kejahatan Ekonomi dan Keuangan,2008-05-01,276
Kejahatan Kekerasan dan Ancaman,2008-05-01,16164
Kejahatan Kepemilikan Bersenjata,2008-05-01,670
Kejahatan Narkotika dan Pelanggaran Terkait,2008-05-01,12335
Kejahatan Properti dan Pembobolan,2008-05-01,24456
Kejahatan Seksual dan Kejahatan Terhadap Anak,2008-05-01,1917
Pelanggaran Administratif dan Palsu,2008-05-01,15942
Pelanggaran Imigrasi dan Keamanan Nasional,2008-05-01,9857
Kejahatan Ekonomi dan Keuangan,2008-04-01,317
Kejahatan Kekerasan dan Ancaman,2008-04-01,15092
Kejahatan Kepemilikan Bersenjata,2008-04-01,666
Kejahatan Narkotika dan Pelanggaran Terkait,2008-04-01,11632
Kejahatan Properti dan Pembobolan,2008-04-01,22878
Kejahatan Seksual dan Kejahatan Terhadap Anak,2008-04-01,2223
Pelanggaran Administratif dan Palsu,2008-04-01,16029
Pelanggaran Imigrasi dan Keamanan Nasional,2008-04-01,9743
Kejahatan Ekonomi dan Keuangan,2008-03-01,313
Kejahatan Kekerasan dan Ancaman,2008-03-01,14752
Kejahatan Kepemilikan Bersenjata,2008-03-01,652
Kejahatan Narkotika dan Pelanggaran Terkait,2008-03-01,11988
Kejahatan Properti dan Pembobolan,2008-03-01,23395
Kejahatan Seksual dan Kejahatan Terhadap Anak,2008-03-01,2046
Pelanggaran Administratif dan Palsu,2008-03-01,16097
Pelanggaran Imigrasi dan Keamanan Nasional,2008-03-01,10829
Kejahatan Ekonomi dan Keuangan,2008-02-01,243
Kejahatan Kekerasan dan Ancaman,2008-02-01,13969
Kejahatan Kepemilikan Bersenjata,2008-02-01,678
Kejahatan Narkotika dan Pelanggaran Terkait,2008-02-01,11150
Kejahatan Properti dan Pembobolan,2008-02-01,21483
Kejahatan Seksual dan Kejahatan Terhadap Anak,2008-02-01,2150
Pelanggaran Administratif dan Palsu,2008-02-01,15173
Pelanggaran Imigrasi dan Keamanan Nasional,2008-02-01,10923
Kejahatan Ekonomi dan Keuangan,2008-01-01,263
Kejahatan Kekerasan dan Ancaman,2008-01-01,14558
Kejahatan Kepemilikan Bersenjata,2008-01-01,780
Kejahatan Narkotika dan Pelanggaran Terkait,2008-01-01,10550
Kejahatan Properti dan Pembobolan,2008-01-01,23203
Kejahatan Seksual dan Kejahatan Terhadap Anak,2008-01-01,1978
Pelanggaran Administratif dan Palsu,2008-01-01,14710
Pelanggaran Imigrasi dan Keamanan Nasional,2008-01-01,11184
Kejahatan Ekonomi dan Keuangan,2007-12-01,293
Kejahatan Kekerasan dan Ancaman,2007-12-01,13798
Kejahatan Kepemilikan Bersenjata,2007-12-01,714
Kejahatan Narkotika dan Pelanggaran Terkait,2007-12-01,10134
Kejahatan Properti dan Pembobolan,2007-12-01,22528
Kejahatan Seksual dan Kejahatan Terhadap Anak,2007-12-01,2147
Pelanggaran Administratif dan Palsu,2007-12-01,15009
Pelanggaran Imigrasi dan Keamanan Nasional,2007-12-01,8903
Kejahatan Ekonomi dan Keuangan,2007-11-01,324
Kejahatan Kekerasan dan Ancaman,2007-11-01,14176
Kejahatan Kepemilikan Bersenjata,2007-11-01,644
Kejahatan Narkotika dan Pelanggaran Terkait,2007-11-01,10231
Kejahatan Properti dan Pembobolan,2007-11-01,24905
Kejahatan Seksual dan Kejahatan Terhadap Anak,2007-11-01,2097
Pelanggaran Administratif dan Palsu,2007-11-01,15337
Pelanggaran Imigrasi dan Keamanan Nasional,2007-11-01,10480
Kejahatan Ekonomi dan Keuangan,2007-10-01,324
Kejahatan Kekerasan dan Ancaman,2007-10-01,15649
Kejahatan Kepemilikan Bersenjata,2007-10-01,713
Kejahatan Narkotika dan Pelanggaran Terkait,2007-10-01,12125
Kejahatan Properti dan Pembobolan,2007-10-01,25427
Kejahatan Seksual dan Kejahatan Terhadap Anak,2007-10-01,2267
Pelanggaran Administratif dan Palsu,2007-10-01,15862
Pelanggaran Imigrasi dan Keamanan Nasional,2007-10-01,13557
Kejahatan Ekonomi dan Keuangan,2007-09-01,246
Kejahatan Kekerasan dan Ancaman,2007-09-01,13650
Kejahatan Kepemilikan Bersenjata,2007-09-01,625
Kejahatan Narkotika dan Pelanggaran Terkait,2007-09-01,10015
Kejahatan Properti dan Pembobolan,2007-09-01,22844
Kejahatan Seksual dan Kejahatan Terhadap Anak,2007-09-01,2202
Pelanggaran Administratif dan Palsu,2007-09-01,14772
Pelanggaran Imigrasi dan Keamanan Nasional,2007-09-01,11921
Kejahatan Ekonomi dan Keuangan,2007-08-01,220
Kejahatan Kekerasan dan Ancaman,2007-08-01,12985
Kejahatan Kepemilikan Bersenjata,2007-08-01,578
Kejahatan Narkotika dan Pelanggaran Terkait,2007-08-01,9764
Kejahatan Properti dan Pembobolan,2007-08-01,25435
Kejahatan Seksual dan Kejahatan Terhadap Anak,2007-08-01,2276
Pelanggaran Administratif dan Palsu,2007-08-01,14174
Pelanggaran Imigrasi dan Keamanan Nasional,2007-08-01,11082
Kejahatan Ekonomi dan Keuangan,2007-07-01,248
Kejahatan Kekerasan dan Ancaman,2007-07-01,14604
Kejahatan Kepemilikan Bersenjata,2007-07-01,674
Kejahatan Narkotika dan Pelanggaran Terkait,2007-07-01,10262
Kejahatan Properti dan Pembobolan,2007-07-01,28049
Kejahatan Seksual dan Kejahatan Terhadap Anak,2007-07-01,1825
Pelanggaran Administratif dan Palsu,2007-07-01,14137
Pelanggaran Imigrasi dan Keamanan Nasional,2007-07-01,9254
Kejahatan Ekonomi dan Keuangan,2007-06-01,252
Kejahatan Kekerasan dan Ancaman,2007-06-01,16091
Kejahatan Kepemilikan Bersenjata,2007-06-01,733
Kejahatan Narkotika dan Pelanggaran Terkait,2007-06-01,10265
Kejahatan Properti dan Pembobolan,2007-06-01,28263
Kejahatan Seksual dan Kejahatan Terhadap Anak,2007-06-01,1892
Pelanggaran Administratif dan Palsu,2007-06-01,14325
Pelanggaran Imigrasi dan Keamanan Nasional,2007-06-01,8920
Kejahatan Ekonomi dan Keuangan,2007-05-01,293
Kejahatan Kekerasan dan Ancaman,2007-05-01,15306
Kejahatan Kepemilikan Bersenjata,2007-05-01,795
Kejahatan Narkotika dan Pelanggaran Terkait,2007-05-01,9816
Kejahatan Properti dan Pembobolan,2007-05-01,28605
Kejahatan Seksual dan Kejahatan Terhadap Anak,2007-05-01,1986
Pelanggaran Administratif dan Palsu,2007-05-01,12989
Pelanggaran Imigrasi dan Keamanan Nasional,2007-05-01,8351
Kejahatan Ekonomi dan Keuangan,2007-04-01,226
Kejahatan Kekerasan dan Ancaman,2007-04-01,13952
Kejahatan Kepemilikan Bersenjata,2007-04-01,728
Kejahatan Narkotika dan Pelanggaran Terkait,2007-04-01,8973
Kejahatan Properti dan Pembobolan,2007-04-01,25653
Kejahatan Seksual dan Kejahatan Terhadap Anak,2007-04-01,2216
Pelanggaran Administratif dan Palsu,2007-04-01,12359
Pelanggaran Imigrasi dan Keamanan Nasional,2007-04-01,7756
Kejahatan Ekonomi dan Keuangan,2007-03-01,304
Kejahatan Kekerasan dan Ancaman,2007-03-01,14708
Kejahatan Kepemilikan Bersenjata,2007-03-01,865
Kejahatan Narkotika dan Pelanggaran Terkait,2007-03-01,10699
Kejahatan Properti dan Pembobolan,2007-03-01,25749
Kejahatan Seksual dan Kejahatan Terhadap Anak,2007-03-01,1983
Pelanggaran Administratif dan Palsu,2007-03-01,14430
Pelanggaran Imigrasi dan Keamanan Nasional,2007-03-01,9822
Kejahatan Ekonomi dan Keuangan,2007-02-01,228
Kejahatan Kekerasan dan Ancaman,2007-02-01,13110
Kejahatan Kepemilikan Bersenjata,2007-02-01,800
Kejahatan Narkotika dan Pelanggaran Terkait,2007-02-01,9477
Kejahatan Properti dan Pembobolan,2007-02-01,23562
Kejahatan Seksual dan Kejahatan Terhadap Anak,2007-02-01,1996
Pelanggaran Administratif dan Palsu,2007-02-01,12955
Pelanggaran Imigrasi dan Keamanan Nasional,2007-02-01,8588
Kejahatan Ekonomi dan Keuangan,2007-01-01,224
Kejahatan Kekerasan dan Ancaman,2007-01-01,13600
Kejahatan Kepemilikan Bersenjata,2007-01-01,862
Kejahatan Narkotika dan Pelanggaran Terkait,2007-01-01,9260
Kejahatan Properti dan Pembobolan,2007-01-01,25378
Kejahatan Seksual dan Kejahatan Terhadap Anak,2007-01-01,2092
Pelanggaran Administratif dan Palsu,2007-01-01,12913
Pelanggaran Imigrasi dan Keamanan Nasional,2007-01-01,8702
Kejahatan Ekonomi dan Keuangan,2006-12-01,230
Kejahatan Kekerasan dan Ancaman,2006-12-01,13560
Kejahatan Kepemilikan Bersenjata,2006-12-01,878
Kejahatan Narkotika dan Pelanggaran Terkait,2006-12-01,9192
Kejahatan Properti dan Pembobolan,2006-12-01,26566
Kejahatan Seksual dan Kejahatan Terhadap Anak,2006-12-01,2521
Pelanggaran Administratif dan Palsu,2006-12-01,14208
Pelanggaran Imigrasi dan Keamanan Nasional,2006-12-01,7687
Kejahatan Ekonomi dan Keuangan,2006-11-01,246
Kejahatan Kekerasan dan Ancaman,2006-11-01,13921
Kejahatan Kepemilikan Bersenjata,2006-11-01,960
Kejahatan Narkotika dan Pelanggaran Terkait,2006-11-01,9798
Kejahatan Properti dan Pembobolan,2006-11-01,28596
Kejahatan Seksual dan Kejahatan Terhadap Anak,2006-11-01,2185
Pelanggaran Administratif dan Palsu,2006-11-01,14016
Pelanggaran Imigrasi dan Keamanan Nasional,2006-11-01,8449
Kejahatan Ekonomi dan Keuangan,2006-10-01,258
Kejahatan Kekerasan dan Ancaman,2006-10-01,14728
Kejahatan Kepemilikan Bersenjata,2006-10-01,882
Kejahatan Narkotika dan Pelanggaran Terkait,2006-10-01,11070
Kejahatan Properti dan Pembobolan,2006-10-01,27373
Kejahatan Seksual dan Kejahatan Terhadap Anak,2006-10-01,2514
Pelanggaran Administratif dan Palsu,2006-10-01,14143
Pelanggaran Imigrasi dan Keamanan Nasional,2006-10-01,10071
Kejahatan Ekonomi dan Keuangan,2006-09-01,218
Kejahatan Kekerasan dan Ancaman,2006-09-01,13703
Kejahatan Kepemilikan Bersenjata,2006-09-01,744
Kejahatan Narkotika dan Pelanggaran Terkait,2006-09-01,10097
Kejahatan Properti dan Pembobolan,2006-09-01,26352
Kejahatan Seksual dan Kejahatan Terhadap Anak,2006-09-01,2309
Pelanggaran Administratif dan Palsu,2006-09-01,13801
Pelanggaran Imigrasi dan Keamanan Nasional,2006-09-01,9031
Kejahatan Ekonomi dan Keuangan,2006-08-01,230
Kejahatan Kekerasan dan Ancaman,2006-08-01,12514
Kejahatan Kepemilikan Bersenjata,2006-08-01,672
Kejahatan Narkotika dan Pelanggaran Terkait,2006-08-01,9544
Kejahatan Properti dan Pembobolan,2006-08-01,29242
Kejahatan Seksual dan Kejahatan Terhadap Anak,2006-08-01,2236
Pelanggaran Administratif dan Palsu,2006-08-01,13359
Pelanggaran Imigrasi dan Keamanan Nasional,2006-08-01,8127
Kejahatan Ekonomi dan Keuangan,2006-07-01,226
Kejahatan Kekerasan dan Ancaman,2006-07-01,14529
Kejahatan Kepemilikan Bersenjata,2006-07-01,703
Kejahatan Narkotika dan Pelanggaran Terkait,2006-07-01,8737
Kejahatan Properti dan Pembobolan,2006-07-01,29258
Kejahatan Seksual dan Kejahatan Terhadap Anak,2006-07-01,2239
Pelanggaran Administratif dan Palsu,2006-07-01,12113
Pelanggaran Imigrasi dan Keamanan Nasional,2006-07-01,7729
Kejahatan Ekonomi dan Keuangan,2006-06-01,262
Kejahatan Kekerasan dan Ancaman,2006-06-01,14614
Kejahatan Kepemilikan Bersenjata,2006-06-01,778
Kejahatan Narkotika dan Pelanggaran Terkait,2006-06-01,9998
Kejahatan Properti dan Pembobolan,2006-06-01,29536
Kejahatan Seksual dan Kejahatan Terhadap Anak,2006-06-01,2083
Pelanggaran Administratif dan Palsu,2006-06-01,14152
Pelanggaran Imigrasi dan Keamanan Nasional,2006-06-01,8717
Kejahatan Ekonomi dan Keuangan,2006-05-01,239
Kejahatan Kekerasan dan Ancaman,2006-05-01,13576
Kejahatan Kepemilikan Bersenjata,2006-05-01,885
Kejahatan Narkotika dan Pelanggaran Terkait,2006-05-01,10188
Kejahatan Properti dan Pembobolan,2006-05-01,30026
Kejahatan Seksual dan Kejahatan Terhadap Anak,2006-05-01,2173
Pelanggaran Administratif dan Palsu,2006-05-01,12920
Pelanggaran Imigrasi dan Keamanan Nasional,2006-05-01,8227
Kejahatan Ekonomi dan Keuangan,2006-04-01,246
Kejahatan Kekerasan dan Ancaman,2006-04-01,12188
Kejahatan Kepemilikan Bersenjata,2006-04-01,794
Kejahatan Narkotika dan Pelanggaran Terkait,2006-04-01,9097
Kejahatan Properti dan Pembobolan,2006-04-01,26003
Kejahatan Seksual dan Kejahatan Terhadap Anak,2006-04-01,2176
Pelanggaran Administratif dan Palsu,2006-04-01,11741
Pelanggaran Imigrasi dan Keamanan Nasional,2006-04-01,8035
Kejahatan Ekonomi dan Keuangan,2006-03-01,334
Kejahatan Kekerasan dan Ancaman,2006-03-01,13357
Kejahatan Kepemilikan Bersenjata,2006-03-01,993
Kejahatan Narkotika dan Pelanggaran Terkait,2006-03-01,10135
Kejahatan Properti dan Pembobolan,2006-03-01,27033
Kejahatan Seksual dan Kejahatan Terhadap Anak,2006-03-01,1912
Pelanggaran Administratif dan Palsu,2006-03-01,13647
Pelanggaran Imigrasi dan Keamanan Nasional,2006-03-01,9759
Kejahatan Ekonomi dan Keuangan,2006-02-01,227
Kejahatan Kekerasan dan Ancaman,2006-02-01,11377
Kejahatan Kepemilikan Bersenjata,2006-02-01,875
Kejahatan Narkotika dan Pelanggaran Terkait,2006-02-01,9201
Kejahatan Properti dan Pembobolan,2006-02-01,23437
Kejahatan Seksual dan Kejahatan Terhadap Anak,2006-02-01,2271
Pelanggaran Administratif dan Palsu,2006-02-01,11346
Pelanggaran Imigrasi dan Keamanan Nasional,2006-02-01,8111
Kejahatan Ekonomi dan Keuangan,2006-01-01,235
Kejahatan Kekerasan dan Ancaman,2006-01-01,12114
Kejahatan Kepemilikan Bersenjata,2006-01-01,994
Kejahatan Narkotika dan Pelanggaran Terkait,2006-01-01,8721
Kejahatan Properti dan Pembobolan,2006-01-01,24651
Kejahatan Seksual dan Kejahatan Terhadap Anak,2006-01-01,2074
Pelanggaran Administratif dan Palsu,2006-01-01,11137
Pelanggaran Imigrasi dan Keamanan Nasional,2006-01-01,7994
Kejahatan Ekonomi dan Keuangan,2005-12-01,271
Kejahatan Kekerasan dan Ancaman,2005-12-01,12211
Kejahatan Kepemilikan Bersenjata,2005-12-01,885
Kejahatan Narkotika dan Pelanggaran Terkait,2005-12-01,8099
Kejahatan Properti dan Pembobolan,2005-12-01,26767
Kejahatan Seksual dan Kejahatan Terhadap Anak,2005-12-01,2613
Pelanggaran Administratif dan Palsu,2005-12-01,12900
Pelanggaran Imigrasi dan Keamanan Nasional,2005-12-01,7707
Kejahatan Ekonomi dan Keuangan,2005-11-01,272
Kejahatan Kekerasan dan Ancaman,2005-11-01,12038
Kejahatan Kepemilikan Bersenjata,2005-11-01,899
Kejahatan Narkotika dan Pelanggaran Terkait,2005-11-01,7798
Kejahatan Properti dan Pembobolan,2005-11-01,28109
Kejahatan Seksual dan Kejahatan Terhadap Anak,2005-11-01,2144
Pelanggaran Administratif dan Palsu,2005-11-01,11748
Pelanggaran Imigrasi dan Keamanan Nasional,2005-11-01,7251
Kejahatan Ekonomi dan Keuangan,2005-10-01,275
Kejahatan Kekerasan dan Ancaman,2005-10-01,12925
Kejahatan Kepemilikan Bersenjata,2005-10-01,843
Kejahatan Narkotika dan Pelanggaran Terkait,2005-10-01,9189
Kejahatan Properti dan Pembobolan,2005-10-01,28596
Kejahatan Seksual dan Kejahatan Terhadap Anak,2005-10-01,2352
Pelanggaran Administratif dan Palsu,2005-10-01,11529
Pelanggaran Imigrasi dan Keamanan Nasional,2005-10-01,7535
Kejahatan Ekonomi dan Keuangan,2005-09-01,274
Kejahatan Kekerasan dan Ancaman,2005-09-01,13092
Kejahatan Kepemilikan Bersenjata,2005-09-01,904
Kejahatan Narkotika dan Pelanggaran Terkait,2005-09-01,8616
Kejahatan Properti dan Pembobolan,2005-09-01,27879
Kejahatan Seksual dan Kejahatan Terhadap Anak,2005-09-01,2419
Pelanggaran Administratif dan Palsu,2005-09-01,11537
Pelanggaran Imigrasi dan Keamanan Nasional,2005-09-01,7527
Kejahatan Ekonomi dan Keuangan,2005-08-01,213
Kejahatan Kekerasan dan Ancaman,2005-08-01,11407
Kejahatan Kepemilikan Bersenjata,2005-08-01,703
Kejahatan Narkotika dan Pelanggaran Terkait,2005-08-01,7966
Kejahatan Properti dan Pembobolan,2005-08-01,30637
Kejahatan Seksual dan Kejahatan Terhadap Anak,2005-08-01,2369
Pelanggaran Administratif dan Palsu,2005-08-01,10455
Pelanggaran Imigrasi dan Keamanan Nasional,2005-08-01,6331
Kejahatan Ekonomi dan Keuangan,2005-07-01,288
Kejahatan Kekerasan dan Ancaman,2005-07-01,12658
Kejahatan Kepemilikan Bersenjata,2005-07-01,778
Kejahatan Narkotika dan Pelanggaran Terkait,2005-07-01,8418
Kejahatan Properti dan Pembobolan,2005-07-01,31106
Kejahatan Seksual dan Kejahatan Terhadap Anak,2005-07-01,1673
Pelanggaran Administratif dan Palsu,2005-07-01,10570
Pelanggaran Imigrasi dan Keamanan Nasional,2005-07-01,6474
Kejahatan Ekonomi dan Keuangan,2005-06-01,244
Kejahatan Kekerasan dan Ancaman,2005-06-01,13570
Kejahatan Kepemilikan Bersenjata,2005-06-01,851
Kejahatan Narkotika dan Pelanggaran Terkait,2005-06-01,9691
Kejahatan Properti dan Pembobolan,2005-06-01,30923
Kejahatan Seksual dan Kejahatan Terhadap Anak,2005-06-01,2011
Pelanggaran Administratif dan Palsu,2005-06-01,11338
Pelanggaran Imigrasi dan Keamanan Nasional,2005-06-01,7394
Kejahatan Ekonomi dan Keuangan,2005-05-01,193
Kejahatan Kekerasan dan Ancaman,2005-05-01,12389
Kejahatan Kepemilikan Bersenjata,2005-05-01,834
Kejahatan Narkotika dan Pelanggaran Terkait,2005-05-01,9771
Kejahatan Properti dan Pembobolan,2005-05-01,29909
Kejahatan Seksual dan Kejahatan Terhadap Anak,2005-05-01,2275
Pelanggaran Administratif dan Palsu,2005-05-01,11008
Pelanggaran Imigrasi dan Keamanan Nasional,2005-05-01,7125
Kejahatan Ekonomi dan Keuangan,2005-04-01,212
Kejahatan Kekerasan dan Ancaman,2005-04-01,11633
Kejahatan Kepemilikan Bersenjata,2005-04-01,760
Kejahatan Narkotika dan Pelanggaran Terkait,2005-04-01,9662
Kejahatan Properti dan Pembobolan,2005-04-01,27022
Kejahatan Seksual dan Kejahatan Terhadap Anak,2005-04-01,2120
Pelanggaran Administratif dan Palsu,2005-04-01,10929
Pelanggaran Imigrasi dan Keamanan Nasional,2005-04-01,6732
Kejahatan Ekonomi dan Keuangan,2005-03-01,228
Kejahatan Kekerasan dan Ancaman,2005-03-01,12216
Kejahatan Kepemilikan Bersenjata,2005-03-01,889
Kejahatan Narkotika dan Pelanggaran Terkait,2005-03-01,10057
Kejahatan Properti dan Pembobolan,2005-03-01,27417
Kejahatan Seksual dan Kejahatan Terhadap Anak,2005-03-01,1891
Pelanggaran Administratif dan Palsu,2005-03-01,13139
Pelanggaran Imigrasi dan Keamanan Nasional,2005-03-01,7571
Kejahatan Ekonomi dan Keuangan,2005-02-01,198
Kejahatan Kekerasan dan Ancaman,2005-02-01,10336
Kejahatan Kepemilikan Bersenjata,2005-02-01,861
Kejahatan Narkotika dan Pelanggaran Terkait,2005-02-01,8492
Kejahatan Properti dan Pembobolan,2005-02-01,24816
Kejahatan Seksual dan Kejahatan Terhadap Anak,2005-02-01,2216
Pelanggaran Administratif dan Palsu,2005-02-01,10770
Pelanggaran Imigrasi dan Keamanan Nasional,2005-02-01,5895
Kejahatan Ekonomi dan Keuangan,2005-01-01,193
Kejahatan Kekerasan dan Ancaman,2005-01-01,11000
Kejahatan Kepemilikan Bersenjata,2005-01-01,905
Kejahatan Narkotika dan Pelanggaran Terkait,2005-01-01,8616
Kejahatan Properti dan Pembobolan,2005-01-01,26186
Kejahatan Seksual dan Kejahatan Terhadap Anak,2005-01-01,2020
Pelanggaran Administratif dan Palsu,2005-01-01,11180
Pelanggaran Imigrasi dan Keamanan Nasional,2005-01-01,5786
Kejahatan Ekonomi dan Keuangan,2004-12-01,218
Kejahatan Kekerasan dan Ancaman,2004-12-01,11902
Kejahatan Kepemilikan Bersenjata,2004-12-01,954
Kejahatan Narkotika dan Pelanggaran Terkait,2004-12-01,9181
Kejahatan Properti dan Pembobolan,2004-12-01,29949
Kejahatan Seksual dan Kejahatan Terhadap Anak,2004-12-01,2568
Pelanggaran Administratif dan Palsu,2004-12-01,13327
Pelanggaran Imigrasi dan Keamanan Nasional,2004-12-01,5585
Kejahatan Ekonomi dan Keuangan,2004-11-01,217
Kejahatan Kekerasan dan Ancaman,2004-11-01,10733
Kejahatan Kepemilikan Bersenjata,2004-11-01,854
Kejahatan Narkotika dan Pelanggaran Terkait,2004-11-01,8513
Kejahatan Properti dan Pembobolan,2004-11-01,30251
Kejahatan Seksual dan Kejahatan Terhadap Anak,2004-11-01,2085
Pelanggaran Administratif dan Palsu,2004-11-01,11008
Pelanggaran Imigrasi dan Keamanan Nasional,2004-11-01,5930
Kejahatan Ekonomi dan Keuangan,2004-10-01,179
Kejahatan Kekerasan dan Ancaman,2004-10-01,11451
Kejahatan Kepemilikan Bersenjata,2004-10-01,884
Kejahatan Narkotika dan Pelanggaran Terkait,2004-10-01,9706
Kejahatan Properti dan Pembobolan,2004-10-01,30041
Kejahatan Seksual dan Kejahatan Terhadap Anak,2004-10-01,2367
Pelanggaran Administratif dan Palsu,2004-10-01,11844
Pelanggaran Imigrasi dan Keamanan Nasional,2004-10-01,6713
Kejahatan Ekonomi dan Keuangan,2004-09-01,168
Kejahatan Kekerasan dan Ancaman,2004-09-01,11719
Kejahatan Kepemilikan Bersenjata,2004-09-01,828
Kejahatan Narkotika dan Pelanggaran Terkait,2004-09-01,8247
Kejahatan Properti dan Pembobolan,2004-09-01,31088
Kejahatan Seksual dan Kejahatan Terhadap Anak,2004-09-01,2480
Pelanggaran Administratif dan Palsu,2004-09-01,11376
Pelanggaran Imigrasi dan Keamanan Nasional,2004-09-01,6082
Kejahatan Ekonomi dan Keuangan,2004-08-01,160
Kejahatan Kekerasan dan Ancaman,2004-08-01,10573
Kejahatan Kepemilikan Bersenjata,2004-08-01,637
Kejahatan Narkotika dan Pelanggaran Terkait,2004-08-01,7901
Kejahatan Properti dan Pembobolan,2004-08-01,30980
Kejahatan Seksual dan Kejahatan Terhadap Anak,2004-08-01,2109
Pelanggaran Administratif dan Palsu,2004-08-01,10317
Pelanggaran Imigrasi dan Keamanan Nasional,2004-08-01,5699
Kejahatan Ekonomi dan Keuangan,2004-07-01,172
Kejahatan Kekerasan dan Ancaman,2004-07-01,11026
Kejahatan Kepemilikan Bersenjata,2004-07-01,723
Kejahatan Narkotika dan Pelanggaran Terkait,2004-07-01,8490
Kejahatan Properti dan Pembobolan,2004-07-01,33789
Kejahatan Seksual dan Kejahatan Terhadap Anak,2004-07-01,2023
Pelanggaran Administratif dan Palsu,2004-07-01,11443
Pelanggaran Imigrasi dan Keamanan Nasional,2004-07-01,5472
Kejahatan Ekonomi dan Keuangan,2004-06-01,200
Kejahatan Kekerasan dan Ancaman,2004-06-01,12144
Kejahatan Kepemilikan Bersenjata,2004-06-01,955
Kejahatan Narkotika dan Pelanggaran Terkait,2004-06-01,8386
Kejahatan Properti dan Pembobolan,2004-06-01,35331
Kejahatan Seksual dan Kejahatan Terhadap Anak,2004-06-01,2069
Pelanggaran Administratif dan Palsu,2004-06-01,11152
Pelanggaran Imigrasi dan Keamanan Nasional,2004-06-01,5975
Kejahatan Ekonomi dan Keuangan,2004-05-01,180
Kejahatan Kekerasan dan Ancaman,2004-05-01,10749
Kejahatan Kepemilikan Bersenjata,2004-05-01,772
Kejahatan Narkotika dan Pelanggaran Terkait,2004-05-01,8880
Kejahatan Properti dan Pembobolan,2004-05-01,30616
Kejahatan Seksual dan Kejahatan Terhadap Anak,2004-05-01,1870
Pelanggaran Administratif dan Palsu,2004-05-01,10252
Pelanggaran Imigrasi dan Keamanan Nasional,2004-05-01,5837
Kejahatan Ekonomi dan Keuangan,2004-04-01,160
Kejahatan Kekerasan dan Ancaman,2004-04-01,11048
Kejahatan Kepemilikan Bersenjata,2004-04-01,879
Kejahatan Narkotika dan Pelanggaran Terkait,2004-04-01,8925
Kejahatan Properti dan Pembobolan,2004-04-01,30421
Kejahatan Seksual dan Kejahatan Terhadap Anak,2004-04-01,2358
Pelanggaran Administratif dan Palsu,2004-04-01,10877
Pelanggaran Imigrasi dan Keamanan Nasional,2004-04-01,6571
Kejahatan Ekonomi dan Keuangan,2004-03-01,189
Kejahatan Kekerasan dan Ancaman,2004-03-01,11582
Kejahatan Kepemilikan Bersenjata,2004-03-01,1006
Kejahatan Narkotika dan Pelanggaran Terkait,2004-03-01,9628
Kejahatan Properti dan Pembobolan,2004-03-01,31061
Kejahatan Seksual dan Kejahatan Terhadap Anak,2004-03-01,2029
Pelanggaran Administratif dan Palsu,2004-03-01,12236
Pelanggaran Imigrasi dan Keamanan Nasional,2004-03-01,6748
Kejahatan Ekonomi dan Keuangan,2004-02-01,180
Kejahatan Kekerasan dan Ancaman,2004-02-01,10555
Kejahatan Kepemilikan Bersenjata,2004-02-01,881
Kejahatan Narkotika dan Pelanggaran Terkait,2004-02-01,8312
Kejahatan Properti dan Pembobolan,2004-02-01,28348
Kejahatan Seksual dan Kejahatan Terhadap Anak,2004-02-01,2215
Pelanggaran Administratif dan Palsu,2004-02-01,11019
Pelanggaran Imigrasi dan Keamanan Nasional,2004-02-01,5645
Kejahatan Ekonomi dan Keuangan,2004-01-01,166
Kejahatan Kekerasan dan Ancaman,2004-01-01,10813
Kejahatan Kepemilikan Bersenjata,2004-01-01,1129
Kejahatan Narkotika dan Pelanggaran Terkait,2004-01-01,7763
Kejahatan Properti dan Pembobolan,2004-01-01,29308
Kejahatan Seksual dan Kejahatan Terhadap Anak,2004-01-01,2004
Pelanggaran Administratif dan Palsu,2004-01-01,11219
Pelanggaran Imigrasi dan Keamanan Nasional,2004-01-01,5864
Kejahatan Ekonomi dan Keuangan,2003-12-01,175
Kejahatan Kekerasan dan Ancaman,2003-12-01,10825
Kejahatan Kepemilikan Bersenjata,2003-12-01,1035
Kejahatan Narkotika dan Pelanggaran Terkait,2003-12-01,8285
Kejahatan Properti dan Pembobolan,2003-12-01,32666
Kejahatan Seksual dan Kejahatan Terhadap Anak,2003-12-01,2514
Pelanggaran Administratif dan Palsu,2003-12-01,11797
Pelanggaran Imigrasi dan Keamanan Nasional,2003-12-01,5252
Kejahatan Ekonomi dan Keuangan,2003-11-01,165
Kejahatan Kekerasan dan Ancaman,2003-11-01,10363
Kejahatan Kepemilikan Bersenjata,2003-11-01,953
Kejahatan Narkotika dan Pelanggaran Terkait,2003-11-01,7510
Kejahatan Properti dan Pembobolan,2003-11-01,32160
Kejahatan Seksual dan Kejahatan Terhadap Anak,2003-11-01,1854
Pelanggaran Administratif dan Palsu,2003-11-01,11405
Pelanggaran Imigrasi dan Keamanan Nasional,2003-11-01,5775
Kejahatan Ekonomi dan Keuangan,2003-10-01,206
Kejahatan Kekerasan dan Ancaman,2003-10-01,11393
Kejahatan Kepemilikan Bersenjata,2003-10-01,1017
Kejahatan Narkotika dan Pelanggaran Terkait,2003-10-01,9181
Kejahatan Properti dan Pembobolan,2003-10-01,36486
Kejahatan Seksual dan Kejahatan Terhadap Anak,2003-10-01,2452
Pelanggaran Administratif dan Palsu,2003-10-01,12542
Pelanggaran Imigrasi dan Keamanan Nasional,2003-10-01,6556
Kejahatan Ekonomi dan Keuangan,2003-09-01,203
Kejahatan Kekerasan dan Ancaman,2003-09-01,11271
Kejahatan Kepemilikan Bersenjata,2003-09-01,990
Kejahatan Narkotika dan Pelanggaran Terkait,2003-09-01,7478
Kejahatan Properti dan Pembobolan,2003-09-01,34807
Kejahatan Seksual dan Kejahatan Terhadap Anak,2003-09-01,2492
Pelanggaran Administratif dan Palsu,2003-09-01,12175
Pelanggaran Imigrasi dan Keamanan Nasional,2003-09-01,6012
Kejahatan Ekonomi dan Keuangan,2003-08-01,139
Kejahatan Kekerasan dan Ancaman,2003-08-01,10643
Kejahatan Kepemilikan Bersenjata,2003-08-01,807
Kejahatan Narkotika dan Pelanggaran Terkait,2003-08-01,6788
Kejahatan Properti dan Pembobolan,2003-08-01,32607
Kejahatan Seksual dan Kejahatan Terhadap Anak,2003-08-01,2193
Pelanggaran Administratif dan Palsu,2003-08-01,10514
Pelanggaran Imigrasi dan Keamanan Nasional,2003-08-01,4886
Kejahatan Ekonomi dan Keuangan,2003-07-01,198
Kejahatan Kekerasan dan Ancaman,2003-07-01,12493
Kejahatan Kepemilikan Bersenjata,2003-07-01,891
Kejahatan Narkotika dan Pelanggaran Terkait,2003-07-01,7448
Kejahatan Properti dan Pembobolan,2003-07-01,38956
Kejahatan Seksual dan Kejahatan Terhadap Anak,2003-07-01,1739
Pelanggaran Administratif dan Palsu,2003-07-01,12433
Pelanggaran Imigrasi dan Keamanan Nasional,2003-07-01,5161
Kejahatan Ekonomi dan Keuangan,2003-06-01,223
Kejahatan Kekerasan dan Ancaman,2003-06-01,12139
Kejahatan Kepemilikan Bersenjata,2003-06-01,1041
Kejahatan Narkotika dan Pelanggaran Terkait,2003-06-01,7408
Kejahatan Properti dan Pembobolan,2003-06-01,36890
Kejahatan Seksual dan Kejahatan Terhadap Anak,2003-06-01,2274
Pelanggaran Administratif dan Palsu,2003-06-01,11577
Pelanggaran Imigrasi dan Keamanan Nasional,2003-06-01,4532
Kejahatan Ekonomi dan Keuangan,2003-05-01,211
Kejahatan Kekerasan dan Ancaman,2003-05-01,10887
Kejahatan Kepemilikan Bersenjata,2003-05-01,1033
Kejahatan Narkotika dan Pelanggaran Terkait,2003-05-01,7691
Kejahatan Properti dan Pembobolan,2003-05-01,36987
Kejahatan Seksual dan Kejahatan Terhadap Anak,2003-05-01,1895
Pelanggaran Administratif dan Palsu,2003-05-01,11890
Pelanggaran Imigrasi dan Keamanan Nasional,2003-05-01,4410
Kejahatan Ekonomi dan Keuangan,2003-04-01,242
Kejahatan Kekerasan dan Ancaman,2003-04-01,10701
Kejahatan Kepemilikan Bersenjata,2003-04-01,1069
Kejahatan Narkotika dan Pelanggaran Terkait,2003-04-01,7375
Kejahatan Properti dan Pembobolan,2003-04-01,34283
Kejahatan Seksual dan Kejahatan Terhadap Anak,2003-04-01,2249
Pelanggaran Administratif dan Palsu,2003-04-01,11563
Pelanggaran Imigrasi dan Keamanan Nasional,2003-04-01,5156
Kejahatan Ekonomi dan Keuangan,2003-03-01,304
Kejahatan Kekerasan dan Ancaman,2003-03-01,10937
Kejahatan Kepemilikan Bersenjata,2003-03-01,1119
Kejahatan Narkotika dan Pelanggaran Terkait,2003-03-01,8213
Kejahatan Properti dan Pembobolan,2003-03-01,33835
Kejahatan Seksual dan Kejahatan Terhadap Anak,2003-03-01,2042
Pelanggaran Administratif dan Palsu,2003-03-01,12823
Pelanggaran Imigrasi dan Keamanan Nasional,2003-03-01,5676
Kejahatan Ekonomi dan Keuangan,2003-02-01,229
Kejahatan Kekerasan dan Ancaman,2003-02-01,9462
Kejahatan Kepemilikan Bersenjata,2003-02-01,1027
Kejahatan Narkotika dan Pelanggaran Terkait,2003-02-01,7266
Kejahatan Properti dan Pembobolan,2003-02-01,30456
Kejahatan Seksual dan Kejahatan Terhadap Anak,2003-02-01,2015
Pelanggaran Administratif dan Palsu,2003-02-01,12088
Pelanggaran Imigrasi dan Keamanan Nasional,2003-02-01,4760
Kejahatan Ekonomi dan Keuangan,2003-01-01,222
Kejahatan Kekerasan dan Ancaman,2003-01-01,10029
Kejahatan Kepemilikan Bersenjata,2003-01-01,1169
Kejahatan Narkotika dan Pelanggaran Terkait,2003-01-01,6773
Kejahatan Properti dan Pembobolan,2003-01-01,33378
Kejahatan Seksual dan Kejahatan Terhadap Anak,2003-01-01,1905
Pelanggaran Administratif dan Palsu,2003-01-01,11077
Pelanggaran Imigrasi dan Keamanan Nasional,2003-01-01,5227
Kejahatan Ekonomi dan Keuangan,2002-12-01,221
Kejahatan Kekerasan dan Ancaman,2002-12-01,10479
Kejahatan Kepemilikan Bersenjata,2002-12-01,1162
Kejahatan Narkotika dan Pelanggaran Terkait,2002-12-01,7285
Kejahatan Properti dan Pembobolan,2002-12-01,36213
Kejahatan Seksual dan Kejahatan Terhadap Anak,2002-12-01,2487
Pelanggaran Administratif dan Palsu,2002-12-01,11655
Pelanggaran Imigrasi dan Keamanan Nasional,2002-12-01,5256
Kejahatan Ekonomi dan Keuangan,2002-11-01,210
Kejahatan Kekerasan dan Ancaman,2002-11-01,9491
Kejahatan Kepemilikan Bersenjata,2002-11-01,1047
Kejahatan Narkotika dan Pelanggaran Terkait,2002-11-01,6993
Kejahatan Properti dan Pembobolan,2002-11-01,36414
Kejahatan Seksual dan Kejahatan Terhadap Anak,2002-11-01,1870
Pelanggaran Administratif dan Palsu,2002-11-01,11791
Pelanggaran Imigrasi dan Keamanan Nasional,2002-11-01,5629
Kejahatan Ekonomi dan Keuangan,2002-10-01,247
Kejahatan Kekerasan dan Ancaman,2002-10-01,10616
Kejahatan Kepemilikan Bersenjata,2002-10-01,1127
Kejahatan Narkotika dan Pelanggaran Terkait,2002-10-01,8202
Kejahatan Properti dan Pembobolan,2002-10-01,39598
Kejahatan Seksual dan Kejahatan Terhadap Anak,2002-10-01,2343
Pelanggaran Administratif dan Palsu,2002-10-01,12717
Pelanggaran Imigrasi dan Keamanan Nasional,2002-10-01,5915
Kejahatan Ekonomi dan Keuangan,2002-09-01,147
Kejahatan Kekerasan dan Ancaman,2002-09-01,9939
Kejahatan Kepemilikan Bersenjata,2002-09-01,1070
Kejahatan Narkotika dan Pelanggaran Terkait,2002-09-01,6511
Kejahatan Properti dan Pembobolan,2002-09-01,36482
Kejahatan Seksual dan Kejahatan Terhadap Anak,2002-09-01,2282
Pelanggaran Administratif dan Palsu,2002-09-01,11317
Pelanggaran Imigrasi dan Keamanan Nasional,2002-09-01,5469
Kejahatan Ekonomi dan Keuangan,2002-08-01,202
Kejahatan Kekerasan dan Ancaman,2002-08-01,8960
Kejahatan Kepemilikan Bersenjata,2002-08-01,861
Kejahatan Narkotika dan Pelanggaran Terkait,2002-08-01,6630
Kejahatan Properti dan Pembobolan,2002-08-01,36732
Kejahatan Seksual dan Kejahatan Terhadap Anak,2002-08-01,1901
Pelanggaran Administratif dan Palsu,2002-08-01,10833
Pelanggaran Imigrasi dan Keamanan Nasional,2002-08-01,4657
Kejahatan Ekonomi dan Keuangan,2002-07-01,239
Kejahatan Kekerasan dan Ancaman,2002-07-01,10864
Kejahatan Kepemilikan Bersenjata,2002-07-01,1031
Kejahatan Narkotika dan Pelanggaran Terkait,2002-07-01,7571
Kejahatan Properti dan Pembobolan,2002-07-01,41367
Kejahatan Seksual dan Kejahatan Terhadap Anak,2002-07-01,1903
Pelanggaran Administratif dan Palsu,2002-07-01,13475
Pelanggaran Imigrasi dan Keamanan Nasional,2002-07-01,4578
Kejahatan Ekonomi dan Keuangan,2002-06-01,186
Kejahatan Kekerasan dan Ancaman,2002-06-01,10772
Kejahatan Kepemilikan Bersenjata,2002-06-01,984
Kejahatan Narkotika dan Pelanggaran Terkait,2002-06-01,6679
Kejahatan Properti dan Pembobolan,2002-06-01,37427
Kejahatan Seksual dan Kejahatan Terhadap Anak,2002-06-01,1807
Pelanggaran Administratif dan Palsu,2002-06-01,12578
Pelanggaran Imigrasi dan Keamanan Nasional,2002-06-01,4614
Kejahatan Ekonomi dan Keuangan,2002-05-01,204
Kejahatan Kekerasan dan Ancaman,2002-05-01,10212
Kejahatan Kepemilikan Bersenjata,2002-05-01,1130
Kejahatan Narkotika dan Pelanggaran Terkait,2002-05-01,6561
Kejahatan Properti dan Pembobolan,2002-05-01,42720
Kejahatan Seksual dan Kejahatan Terhadap Anak,2002-05-01,1816
Pelanggaran Administratif dan Palsu,2002-05-01,11777
Pelanggaran Imigrasi dan Keamanan Nasional,2002-05-01,4686
Kejahatan Ekonomi dan Keuangan,2002-04-01,183
Kejahatan Kekerasan dan Ancaman,2002-04-01,10151
Kejahatan Kepemilikan Bersenjata,2002-04-01,1242
Kejahatan Narkotika dan Pelanggaran Terkait,2002-04-01,6282
Kejahatan Properti dan Pembobolan,2002-04-01,41090
Kejahatan Seksual dan Kejahatan Terhadap Anak,2002-04-01,2197
Pelanggaran Administratif dan Palsu,2002-04-01,11672
Pelanggaran Imigrasi dan Keamanan Nasional,2002-04-01,4594
Kejahatan Ekonomi dan Keuangan,2002-03-01,265
Kejahatan Kekerasan dan Ancaman,2002-03-01,10378
Kejahatan Kepemilikan Bersenjata,2002-03-01,1327
Kejahatan Narkotika dan Pelanggaran Terkait,2002-03-01,6608
Kejahatan Properti dan Pembobolan,2002-03-01,39689
Kejahatan Seksual dan Kejahatan Terhadap Anak,2002-03-01,1711
Pelanggaran Administratif dan Palsu,2002-03-01,12194
Pelanggaran Imigrasi dan Keamanan Nasional,2002-03-01,5156
Kejahatan Ekonomi dan Keuangan,2002-02-01,208
Kejahatan Kekerasan dan Ancaman,2002-02-01,9095
Kejahatan Kepemilikan Bersenjata,2002-02-01,1343
Kejahatan Narkotika dan Pelanggaran Terkait,2002-02-01,5891
Kejahatan Properti dan Pembobolan,2002-02-01,37835
Kejahatan Seksual dan Kejahatan Terhadap Anak,2002-02-01,2034
Pelanggaran Administratif dan Palsu,2002-02-01,11136
Pelanggaran Imigrasi dan Keamanan Nasional,2002-02-01,4462
Kejahatan Ekonomi dan Keuangan,2002-01-01,165
Kejahatan Kekerasan dan Ancaman,2002-01-01,9163
Kejahatan Kepemilikan Bersenjata,2002-01-01,1518
Kejahatan Narkotika dan Pelanggaran Terkait,2002-01-01,5382
Kejahatan Properti dan Pembobolan,2002-01-01,37734
Kejahatan Seksual dan Kejahatan Terhadap Anak,2002-01-01,1766
Pelanggaran Administratif dan Palsu,2002-01-01,10903
Pelanggaran Imigrasi dan Keamanan Nasional,2002-01-01,4382
Kejahatan Ekonomi dan Keuangan,2001-12-01,196
Kejahatan Kekerasan dan Ancaman,2001-12-01,9107
Kejahatan Kepemilikan Bersenjata,2001-12-01,1325
Kejahatan Narkotika dan Pelanggaran Terkait,2001-12-01,4996
Kejahatan Properti dan Pembobolan,2001-12-01,37576
Kejahatan Seksual dan Kejahatan Terhadap Anak,2001-12-01,1872
Pelanggaran Administratif dan Palsu,2001-12-01,11568
Pelanggaran Imigrasi dan Keamanan Nasional,2001-12-01,3372
Kejahatan Ekonomi dan Keuangan,2001-11-01,275
Kejahatan Kekerasan dan Ancaman,2001-11-01,9589
Kejahatan Kepemilikan Bersenjata,2001-11-01,1253
Kejahatan Narkotika dan Pelanggaran Terkait,2001-11-01,5548
Kejahatan Properti dan Pembobolan,2001-11-01,42010
Kejahatan Seksual dan Kejahatan Terhadap Anak,2001-11-01,1867
Pelanggaran Administratif dan Palsu,2001-11-01,11911
Pelanggaran Imigrasi dan Keamanan Nasional,2001-11-01,3976
Kejahatan Ekonomi dan Keuangan,2001-10-01,254
Kejahatan Kekerasan dan Ancaman,2001-10-01,11435
Kejahatan Kepemilikan Bersenjata,2001-10-01,1476
Kejahatan Narkotika dan Pelanggaran Terkait,2001-10-01,6988
Kejahatan Properti dan Pembobolan,2001-10-01,45407
Kejahatan Seksual dan Kejahatan Terhadap Anak,2001-10-01,2228
Pelanggaran Administratif dan Palsu,2001-10-01,12765
Pelanggaran Imigrasi dan Keamanan Nasional,2001-10-01,4573
Kejahatan Ekonomi dan Keuangan,2001-09-01,243
Kejahatan Kekerasan dan Ancaman,2001-09-01,8771
Kejahatan Kepemilikan Bersenjata,2001-09-01,1122
Kejahatan Narkotika dan Pelanggaran Terkait,2001-09-01,5509
Kejahatan Properti dan Pembobolan,2001-09-01,39176
Kejahatan Seksual dan Kejahatan Terhadap Anak,2001-09-01,2082
Pelanggaran Administratif dan Palsu,2001-09-01,11265
Pelanggaran Imigrasi dan Keamanan Nasional,2001-09-01,4100
Kejahatan Ekonomi dan Keuangan,2001-08-01,163
Kejahatan Kekerasan dan Ancaman,2001-08-01,8825
Kejahatan Kepemilikan Bersenjata,2001-08-01,1045
Kejahatan Narkotika dan Pelanggaran Terkait,2001-08-01,5251
Kejahatan Properti dan Pembobolan,2001-08-01,41383
Kejahatan Seksual dan Kejahatan Terhadap Anak,2001-08-01,1986
Pelanggaran Administratif dan Palsu,2001-08-01,11709
Pelanggaran Imigrasi dan Keamanan Nasional,2001-08-01,3678
Kejahatan Ekonomi dan Keuangan,2001-07-01,234
Kejahatan Kekerasan dan Ancaman,2001-07-01,9769
Kejahatan Kepemilikan Bersenjata,2001-07-01,1177
Kejahatan Narkotika dan Pelanggaran Terkait,2001-07-01,5681
Kejahatan Properti dan Pembobolan,2001-07-01,44497
Kejahatan Seksual dan Kejahatan Terhadap Anak,2001-07-01,1525
Pelanggaran Administratif dan Palsu,2001-07-01,12666
Pelanggaran Imigrasi dan Keamanan Nasional,2001-07-01,3854
Kejahatan Ekonomi dan Keuangan,2001-06-01,160
Kejahatan Kekerasan dan Ancaman,2001-06-01,9562
Kejahatan Kepemilikan Bersenjata,2001-06-01,1251
Kejahatan Narkotika dan Pelanggaran Terkait,2001-06-01,5864
Kejahatan Properti dan Pembobolan,2001-06-01,42332
Kejahatan Seksual dan Kejahatan Terhadap Anak,2001-06-01,1719
Pelanggaran Administratif dan Palsu,2001-06-01,12446
Pelanggaran Imigrasi dan Keamanan Nasional,2001-06-01,3628
Kejahatan Ekonomi dan Keuangan,2001-05-01,161
Kejahatan Kekerasan dan Ancaman,2001-05-01,9470
Kejahatan Kepemilikan Bersenjata,2001-05-01,1226
Kejahatan Narkotika dan Pelanggaran Terkait,2001-05-01,6141
Kejahatan Properti dan Pembobolan,2001-05-01,41888
Kejahatan Seksual dan Kejahatan Terhadap Anak,2001-05-01,1795
Pelanggaran Administratif dan Palsu,2001-05-01,13440
Pelanggaran Imigrasi dan Keamanan Nasional,2001-05-01,4070
Kejahatan Ekonomi dan Keuangan,2001-04-01,197
Kejahatan Kekerasan dan Ancaman,2001-04-01,8827
Kejahatan Kepemilikan Bersenjata,2001-04-01,1119
Kejahatan Narkotika dan Pelanggaran Terkait,2001-04-01,5783
Kejahatan Properti dan Pembobolan,2001-04-01,39990
Kejahatan Seksual dan Kejahatan Terhadap Anak,2001-04-01,2055
Pelanggaran Administratif dan Palsu,2001-04-01,13708
Pelanggaran Imigrasi dan Keamanan Nasional,2001-04-01,3637
Kejahatan Ekonomi dan Keuangan,2001-03-01,190
Kejahatan Kekerasan dan Ancaman,2001-03-01,9557
Kejahatan Kepemilikan Bersenjata,2001-03-01,1405
Kejahatan Narkotika dan Pelanggaran Terkait,2001-03-01,6472
Kejahatan Properti dan Pembobolan,2001-03-01,39334
Kejahatan Seksual dan Kejahatan Terhadap Anak,2001-03-01,1660
Pelanggaran Administratif dan Palsu,2001-03-01,15336
Pelanggaran Imigrasi dan Keamanan Nasional,2001-03-01,4006
Kejahatan Ekonomi dan Keuangan,2001-02-01,180
Kejahatan Kekerasan dan Ancaman,2001-02-01,8145
Kejahatan Kepemilikan Bersenjata,2001-02-01,1298
Kejahatan Narkotika dan Pelanggaran Terkait,2001-02-01,5571
Kejahatan Properti dan Pembobolan,2001-02-01,36420
Kejahatan Seksual dan Kejahatan Terhadap Anak,2001-02-01,1734
Pelanggaran Administratif dan Palsu,2001-02-01,13259
Pelanggaran Imigrasi dan Keamanan Nasional,2001-02-01,3836
Kejahatan Ekonomi dan Keuangan,2001-01-01,200
Kejahatan Kekerasan dan Ancaman,2001-01-01,8612
Kejahatan Kepemilikan Bersenjata,2001-01-01,1482
Kejahatan Narkotika dan Pelanggaran Terkait,2001-01-01,5662
Kejahatan Properti dan Pembobolan,2001-01-01,37532
Kejahatan Seksual dan Kejahatan Terhadap Anak,2001-01-01,1823
Pelanggaran Administratif dan Palsu,2001-01-01,13118
Pelanggaran Imigrasi dan Keamanan Nasional,2001-01-01,3659
Kejahatan Ekonomi dan Keuangan,2000-12-01,418
Kejahatan Kekerasan dan Ancaman,2000-12-01,8616
Kejahatan Kepemilikan Bersenjata,2000-12-01,1235
Kejahatan Narkotika dan Pelanggaran Terkait,2000-12-01,6617
Kejahatan Properti dan Pembobolan,2000-12-01,37189
Kejahatan Seksual dan Kejahatan Terhadap Anak,2000-12-01,1973
Pelanggaran Administratif dan Palsu,2000-12-01,13919
Pelanggaran Imigrasi dan Keamanan Nasional,2000-12-01,3439
Kejahatan Ekonomi dan Keuangan,2000-11-01,969
Kejahatan Kekerasan dan Ancaman,2000-11-01,8814
Kejahatan Kepemilikan Bersenjata,2000-11-01,1327
Kejahatan Narkotika dan Pelanggaran Terkait,2000-11-01,6613
Kejahatan Properti dan Pembobolan,2000-11-01,40460
Kejahatan Seksual dan Kejahatan Terhadap Anak,2000-11-01,1802
Pelanggaran Administratif dan Palsu,2000-11-01,12227
Pelanggaran Imigrasi dan Keamanan Nasional,2000-11-01,4040
Kejahatan Ekonomi dan Keuangan,2000-10-01,200
Kejahatan Kekerasan dan Ancaman,2000-10-01,9199
Kejahatan Kepemilikan Bersenjata,2000-10-01,1399
Kejahatan Narkotika dan Pelanggaran Terkait,2000-10-01,6809
Kejahatan Properti dan Pembobolan,2000-10-01,42421
Kejahatan Seksual dan Kejahatan Terhadap Anak,2000-10-01,1989
Pelanggaran Administratif dan Palsu,2000-10-01,11929
Pelanggaran Imigrasi dan Keamanan Nasional,2000-10-01,4490
Kejahatan Ekonomi dan Keuangan,2000-09-01,217
Kejahatan Kekerasan dan Ancaman,2000-09-01,8729
Kejahatan Kepemilikan Bersenjata,2000-09-01,1052
Kejahatan Narkotika dan Pelanggaran Terkait,2000-09-01,5898
Kejahatan Properti dan Pembobolan,2000-09-01,37283
Kejahatan Seksual dan Kejahatan Terhadap Anak,2000-09-01,1790
Pelanggaran Administratif dan Palsu,2000-09-01,10805
Pelanggaran Imigrasi dan Keamanan Nasional,2000-09-01,3972
Kejahatan Ekonomi dan Keuangan,2000-08-01,143
Kejahatan Kekerasan dan Ancaman,2000-08-01,8076
Kejahatan Kepemilikan Bersenjata,2000-08-01,897
Kejahatan Narkotika dan Pelanggaran Terkait,2000-08-01,5761
Kejahatan Properti dan Pembobolan,2000-08-01,40973
Kejahatan Seksual dan Kejahatan Terhadap Anak,2000-08-01,1684
Pelanggaran Administratif dan Palsu,2000-08-01,10769
Pelanggaran Imigrasi dan Keamanan Nasional,2000-08-01,3484
Kejahatan Ekonomi dan Keuangan,2000-07-01,212
Kejahatan Kekerasan dan Ancaman,2000-07-01,8710
Kejahatan Kepemilikan Bersenjata,2000-07-01,949
Kejahatan Narkotika dan Pelanggaran Terkait,2000-07-01,5710
Kejahatan Properti dan Pembobolan,2000-07-01,41921
Kejahatan Seksual dan Kejahatan Terhadap Anak,2000-07-01,1497
Pelanggaran Administratif dan Palsu,2000-07-01,11720
Pelanggaran Imigrasi dan Keamanan Nasional,2000-07-01,3319
Kejahatan Ekonomi dan Keuangan,2000-06-01,171
Kejahatan Kekerasan dan Ancaman,2000-06-01,9011
Kejahatan Kepemilikan Bersenjata,2000-06-01,1163
Kejahatan Narkotika dan Pelanggaran Terkait,2000-06-01,5566
Kejahatan Properti dan Pembobolan,2000-06-01,40779
Kejahatan Seksual dan Kejahatan Terhadap Anak,2000-06-01,1444
Pelanggaran Administratif dan Palsu,2000-06-01,12007
Pelanggaran Imigrasi dan Keamanan Nasional,2000-06-01,3724
Kejahatan Ekonomi dan Keuangan,2000-05-01,282
Kejahatan Kekerasan dan Ancaman,2000-05-01,9257
Kejahatan Kepemilikan Bersenjata,2000-05-01,1206
Kejahatan Narkotika dan Pelanggaran Terkait,2000-05-01,6594
Kejahatan Properti dan Pembobolan,2000-05-01,41036
Kejahatan Seksual dan Kejahatan Terhadap Anak,2000-05-01,1592
Pelanggaran Administratif dan Palsu,2000-05-01,12465
Pelanggaran Imigrasi dan Keamanan Nasional,2000-05-01,4321
Kejahatan Ekonomi dan Keuangan,2000-04-01,207
Kejahatan Kekerasan dan Ancaman,2000-04-01,7346
Kejahatan Kepemilikan Bersenjata,2000-04-01,1003
Kejahatan Narkotika dan Pelanggaran Terkait,2000-04-01,6262
Kejahatan Properti dan Pembobolan,2000-04-01,35120
Kejahatan Seksual dan Kejahatan Terhadap Anak,2000-04-01,1571
Pelanggaran Administratif dan Palsu,2000-04-01,11293
Pelanggaran Imigrasi dan Keamanan Nasional,2000-04-01,3706
Kejahatan Ekonomi dan Keuangan,2000-03-01,198
Kejahatan Kekerasan dan Ancaman,2000-03-01,8678
Kejahatan Kepemilikan Bersenjata,2000-03-01,1237
Kejahatan Narkotika dan Pelanggaran Terkait,2000-03-01,7286
Kejahatan Properti dan Pembobolan,2000-03-01,36845
Kejahatan Seksual dan Kejahatan Terhadap Anak,2000-03-01,1472
Pelanggaran Administratif dan Palsu,2000-03-01,12637
Pelanggaran Imigrasi dan Keamanan Nasional,2000-03-01,4405
Kejahatan Ekonomi dan Keuangan,2000-02-01,193
Kejahatan Kekerasan dan Ancaman,2000-02-01,7720
Kejahatan Kepemilikan Bersenjata,2000-02-01,1238
Kejahatan Narkotika dan Pelanggaran Terkait,2000-02-01,6982
Kejahatan Properti dan Pembobolan,2000-02-01,34103
Kejahatan Seksual dan Kejahatan Terhadap Anak,2000-02-01,1671
Pelanggaran Administratif dan Palsu,2000-02-01,10273
Pelanggaran Imigrasi dan Keamanan Nasional,2000-02-01,3843
Kejahatan Ekonomi dan Keuangan,2000-01-01,168
Kejahatan Kekerasan dan Ancaman,2000-01-01,7272
Kejahatan Kepemilikan Bersenjata,2000-01-01,1143
Kejahatan Narkotika dan Pelanggaran Terkait,2000-01-01,6041
Kejahatan Properti dan Pembobolan,2000-01-01,32557
Kejahatan Seksual dan Kejahatan Terhadap Anak,2000-01-01,1547
Pelanggaran Administratif dan Palsu,2000-01-01,8563
Pelanggaran Imigrasi dan Keamanan Nasional,2000-01-01,3310
